ID;species;long;lat;max.age;min.age;n.dates
1;Homo_sapiens;57.41;65.02;34000;30000;1
2;Homo_neanderthalensis;10.18;48.55;55000;30000;3
4;Homo_sapiens;25.13;50.17;39298;30000;2
5;Homo_sapiens;107.56;22.39;40000;30000;1
6;Homo_neanderthalensis;2.88;43.32;46000;30000;1
7;Homo_sapiens;95.43;37.47;42946;30310;2
8;Homo_sapiens;126.02;39.2;40180;30890;4
9;Homo_sapiens;15.6;48.41;33900;30900;1
11;Homo_neanderthalensis;11.55;45.42;59000;31000;4
12;Homo_sapiens;86.2;23.19;37000;31000;1
13;Homo_sapiens;53.56;17.68;35400;31200;1
14;Homo_sapiens;112.03;35.45;45161;31556;1
17;Homo_sapiens;115.84;39.68;41827;31948;1
18;Homo_sapiens;-0.42;45.44;38000;32000;1
19;Homo_sapiens;3.07;50.12;37200;32000;2
20;Homo_sapiens;32.99;51.72;41902;32087;1
21;Homo_sapiens;98.28;19.57;32672;32088;1
22;Homo_sapiens;20.16;49.43;41295;32279;2
23;Homo_sapiens;10.19;48.56;42180;32279;5
24;Homo_sapiens;16.63;49.2;41547;32486;1
25;Homo_neanderthalensis;44.52;40.31;39400;32500;2
26;Homo_sapiens;86.23;51.45;44283;32570;1
28;Homo_neanderthalensis;43.25;42.31;57600;32600;4
30;Homo_neanderthalensis;34.08;44.83;42000;33000;2
31;Homo_sapiens;102.97;49.27;40770;33232;1
32;Homo_sapiens;117.58;49.35;41684;33244;1
33;Homo_sapiens;110;50.43;41015;33458;1
35;Homo_neanderthalensis;16.26;39.29;44000;34000;1
36;Homo_neanderthalensis;13.51;41.22;52000;34000;1
38;Homo_sapiens;16.37;49.02;39760;34000;2
39;Homo_sapiens;127.68;26.21;39758;34179;1
40;Homo_sapiens;4.42;44.39;41102;34194;59
41;Homo_sapiens;1.08;44.85;42143;34210;3
42;Homo_sapiens;102.97;49.27;41689;34263;4
43;Homo_sapiens;-1.22;53.25;42010;34277;2
44;Homo_neanderthalensis;0.25;45.45;54733;34288;3
45;Homo_sapiens;10.19;48.56;41742;34322;2
46;Homo_sapiens;103.57;49.43;39205;34337;1
48;Homo_sapiens;-1.21;53.26;41403;34352;2
51;Homo_neanderthalensis;23.04;45.61;54679;34390;2
53;Homo_sapiens;17.5;49.18;39753;34498;3
54;Homo_sapiens;16.63;49.2;39770;34511;1
55;Homo_sapiens;16.58;49.17;44346;34520;9
56;Homo_sapiens;122.98;40.6;40726;34549;1
57;Homo_sapiens;-4.5;36.63;40616;34574;1
58;Homo_sapiens;-0.69;43.64;41288;34629;7
59;Homo_sapiens;104.17;52.3;46552;34674;2
60;Homo_sapiens;80.22;6.65;39076;34680;1
61;Homo_sapiens;86.23;51.45;41485;34681;1
62;Homo_sapiens;84.68;51.38;41485;34681;1
63;Homo_sapiens;2.75;42.16;42237;34708;7
64;Homo_sapiens;36.48;33.78;49571;34721;2
65;Homo_sapiens;39.04;51.4;39100;34734;5
67;Homo_sapiens;1.1;44.99;39409;34748;7
68;Homo_sapiens;35.19;33.04;39748;34748;6
69;Homo_sapiens;34.94;32.56;41411;34769;2
71;Homo_sapiens;-2.04;43.03;37592;34780;1
72;Homo_sapiens;1.58;41.2;39360;34785;2
73;Homo_sapiens;12.21;47.63;38622;34814;1
75;Homo_sapiens;104.65;30.12;46573;34849;1
76;Homo_sapiens;34.94;32.56;54547;34858;5
78;Homo_sapiens;-1.89;43.27;38005;34863;1
80;Homo_sapiens;14.67;46.45;39175;34863;2
81;Homo_sapiens;40;44.17;44352;34879;6
88;Homo_sapiens;1.35;44.77;41117;34932;1
90;Homo_sapiens;80.43;6.99;39449;34966;4
91;Homo_sapiens;34.4;45;41991;34973;5
92;Homo_sapiens;43.19;42.18;38908;34980;1
93;Homo_sapiens;82.01;24.5;39200;35000;1
94;Homo_sapiens;-4.5;36.63;41596;35017;1
95;Homo_neanderthalensis;40.47;44.28;42037;35033;1
96;Homo_sapiens;9.78;48.41;38763;35176;2
97;Homo_sapiens;1.1;44.99;39450;35191;5
99;Homo_sapiens;22.81;37.69;39234;35225;1
101;Homo_sapiens;2.75;42.16;39220;35248;3
104;Homo_sapiens;-1.49;38.07;38170;35277;1
105;Homo_sapiens;44.24;36.8;41922;35278;6
107;Homo_sapiens;-2.04;43.03;39368;35286;4
108;Homo_sapiens;-2.48;43.06;41740;35286;3
109;Homo_sapiens;6.8;50.71;41805;35286;2
110;Homo_sapiens;20.07;44.18;37529;35287;1
113;Homo_sapiens;46.08;39.51;37007;35298;1
115;Homo_neanderthalensis;40;44.17;41500;35300;1
117;Homo_sapiens;16.7;48.85;37582;35302;1
118;Homo_sapiens;39.02;51.39;39656;35310;1
122;Homo_sapiens;34.4;45;41079;35321;4
125;Homo_sapiens;0.83;46.67;41132;35324;5
135;Homo_sapiens;9.75;48.37;41803;35358;7
142;Homo_sapiens;23.13;37.42;37565;35395;2
144;Homo_sapiens;55.85;25.12;43200;35400;2
146;Homo_sapiens;1.1;44.99;39704;35407;3
148;Homo_sapiens;-1.49;38.07;39605;35410;3
150;Homo_sapiens;10.19;48.56;37390;35416;1
153;Homo_sapiens;22.4;45.85;39004;35427;2
157;Homo_sapiens;40;44.17;37604;35439;3
158;Homo_sapiens;46.08;39.51;41224;35447;8
162;Homo_sapiens;10.18;48.55;37006;35467;1
164;Homo_sapiens;1.02;44.96;39052;35472;1
169;Homo_sapiens;2.98;43.09;37269;35489;1
172;Homo_sapiens;109.08;23.75;41900;35500;2
173;Homo_sapiens;-2.15;43.25;41912;35501;2
177;Homo_sapiens;101.17;44.71;40738;35511;4
179;Homo_sapiens;48.21;33.5;41947;35529;12
183;Homo_sapiens;1.02;44.96;40332;35547;2
184;Homo_sapiens;17.3;48.49;40613;35548;2
185;Homo_sapiens;-4.12;43.38;36770;35550;1
187;Homo_sapiens;-1.2;43.37;41881;35553;5
188;Homo_sapiens;1.25;42.92;37119;35553;1
196;Homo_sapiens;115.84;39.68;40806;35593;1
198;Homo_sapiens;14.57;46.31;41345;35609;2
199;Homo_sapiens;20.38;48.12;40981;35613;2
201;Homo_sapiens;16.72;49.19;39004;35624;1
205;Homo_neanderthalensis;34.35;44.99;37652;35652;1
207;Homo_neanderthalensis;41.23;44.83;40090;35670;1
209;Homo_sapiens;7.53;43.78;42137;35683;4
211;Homo_sapiens;16.63;49.2;39768;35693;1
212;Homo_sapiens;80.22;6.65;40821;35718;3
214;Homo_sapiens;7.54;43.78;39357;35746;2
215;Homo_sapiens;-6.05;42.48;44358;35752;4
216;Homo_sapiens;16.72;49.19;40745;35768;1
224;Homo_sapiens;14.85;40.85;41845;35876;5
226;Homo_sapiens;0.94;44.95;39712;35892;8
227;Homo_neanderthalensis;27.16;48.13;42547;35903;1
239;Homo_sapiens;53.43;35.47;40000;36000;1
240;Homo_neanderthalensis;4.2;44.4;61000;36000;3
242;Homo_sapiens;9.75;48.37;39149;36021;2
244;Homo_sapiens;141.68;42.82;42651;36035;2
247;Homo_sapiens;122.98;40.6;42688;36057;1
254;Homo_sapiens;1.26;44.88;41629;36088;1
256;Homo_sapiens;34.01;53.35;40386;36096;2
257;Homo_neanderthalensis;10.29;44.06;42500;36100;1
258;Homo_sapiens;9.78;48.39;42096;36102;6
260;Homo_sapiens;9.78;48.39;39317;36107;1
261;Homo_sapiens;-3.97;43.29;47350;36112;4
263;Homo_sapiens;-3.53;50.47;39726;36135;1
264;Homo_sapiens;-3.43;37.44;39035;36137;1
265;Homo_neanderthalensis;16.03;46.28;41152;36139;2
266;Homo_sapiens;-2.04;43.03;39536;36142;1
267;Homo_sapiens;108.66;50.36;39421;36145;1
268;Homo_sapiens;7.53;43.78;38965;36154;2
270;Homo_sapiens;20.38;48.12;39602;36161;2
274;Homo_sapiens;-4.5;36.63;39088;36187;1
276;Homo_neanderthalensis;1.58;41.2;41750;36205;3
277;Homo_sapiens;-3.97;43.29;44442;36205;2
278;Homo_sapiens;39.03;51.39;41109;36209;4
280;Homo_sapiens;1.35;44.77;42125;36216;1
282;Homo_sapiens;0.88;45.23;41176;36234;1
283;Homo_sapiens;105.02;27.35;38222;36239;1
288;Homo_neanderthalensis;34.08;44.83;39909;36260;1
289;Homo_sapiens;89.94;55.55;45846;36263;2
292;Homo_neanderthalensis;27.16;48.13;42506;36280;1
295;Homo_sapiens;25.42;42.93;37502;36288;2
297;Homo_sapiens;27.04;48.11;38512;36292;1
298;Homo_sapiens;-3.96;43.39;42767;36293;4
301;Homo_sapiens;1.25;42.92;39099;36299;3
304;Homo_sapiens;56.3;58.16;39709;36319;2
305;Homo_neanderthalensis;1.16;44.81;45058;36321;2
308;Homo_sapiens;15.58;41.68;41606;36330;1
310;Homo_sapiens;35.63;32.26;48112;36335;13
311;Homo_sapiens;23.04;45.61;39594;36343;1
312;Homo_sapiens;-2.04;43.03;39843;36348;1
314;Homo_sapiens;-2.04;43.03;40860;36370;4
316;Homo_sapiens;39.03;51.39;41930;36370;5
317;Homo_sapiens;-2.48;43.06;40280;36370;2
318;Homo_sapiens;-2.04;43.03;41044;36377;3
320;Homo_sapiens;22.33;44.65;57660;36377;6
321;Homo_neanderthalensis;3.77;47.59;41075;36379;2
322;Homo_sapiens;3.76;47.59;42974;36379;8
331;Homo_neanderthalensis;0.97;44.91;52200;36400;2
333;Homo_sapiens;51.43;30.28;41543;36403;2
339;Homo_sapiens;22.81;37.69;38976;36421;2
340;Homo_sapiens;5.3;50.44;40377;36434;1
344;Homo_sapiens;36.23;36.12;41316;36455;1
348;Homo_sapiens;13.08;45.43;44500;36468;3
349;Homo_sapiens;51.43;30.28;42004;36481;2
351;Homo_sapiens;85.42;50.72;41014;36490;2
352;Homo_sapiens;17.3;48.49;45041;36493;3
353;Homo_sapiens;20.46;48.05;44924;36507;4
354;Homo_neanderthalensis;4.68;50.48;49889;36514;4
355;Homo_sapiens;0.71;46.96;41867;36529;2
356;Homo_sapiens;-2.04;43.03;40266;36532;1
359;Homo_sapiens;0.5;45.67;39970;36541;2
362;Homo_sapiens;-0.89;43.14;42332;36549;2
365;Homo_sapiens;108.29;51.75;51940;36568;4
366;Homo_sapiens;-1.2;43.37;51557;36574;5
367;Homo_neanderthalensis;21.9;43.17;51557;36574;1
368;Homo_neanderthalensis;42.77;42.27;41854;36577;2
369;Homo_sapiens;-5.11;43.35;41474;36591;7
371;Homo_sapiens;43.25;42.34;41269;36597;6
373;Homo_sapiens;0.29;45.5;44865;36598;2
374;Homo_neanderthalensis;43.25;42.31;82400;36600;14
375;Homo_sapiens;21.83;45.01;42035;36601;1
376;Homo_neanderthalensis;34.08;44.83;40814;36618;1
377;Homo_sapiens;22.35;36.7;40559;36618;1
378;Homo_sapiens;33.92;35.62;43937;36642;3
382;Homo_sapiens;-4.5;36.63;44590;36656;6
387;Homo_sapiens;-3.53;43.32;39361;36708;1
390;Homo_sapiens;1.1;44.99;40294;36712;2
394;Homo_sapiens;16.63;49.2;42680;36743;5
395;Homo_neanderthalensis;18.43;40;43250;36750;1
400;Homo_neanderthalensis;-4.88;37;57100;36800;6
402;Homo_sapiens;1.26;44.88;42265;36805;1
403;Homo_sapiens;122.98;40.6;51580;36815;1
408;Homo_sapiens;13.9;44.88;39353;36860;1
411;Homo_sapiens;9.76;48.39;41797;36894;2
413;Homo_sapiens;104.25;52.29;41970;36925;2
414;Homo_sapiens;48.29;33.55;39524;36927;1
417;Homo_sapiens;33.92;35.62;44243;36964;9
418;Homo_sapiens;19.8;50.17;39531;36965;2
421;Homo_neanderthalensis;4.56;44.32;49000;37000;2
422;Homo_sapiens;77.61;22.94;53000;37000;1
423;Homo_neanderthalensis;0.5;45.67;41000;37000;1
426;Homo_neanderthalensis;-1.22;53.25;58000;37000;12
427;Homo_neanderthalensis;1.88;44.58;48000;37000;3
429;Homo_sapiens;10.18;48.55;39305;37013;1
431;Homo_sapiens;-2.04;43.03;42036;37025;4
432;Homo_sapiens;9.78;48.39;44575;37025;10
433;Homo_sapiens;39.03;51.39;42245;37025;6
437;Homo_sapiens;-3.96;43.39;41832;37044;2
438;Homo_neanderthalensis;2.83;50.23;45101;37053;2
439;Homo_sapiens;-0.89;43.14;41040;37062;2
440;Homo_neanderthalensis;17.87;48.6;39599;37067;1
441;Homo_sapiens;5.57;47.13;41284;37074;2
443;Homo_neanderthalensis;10.99;45.48;41274;37084;1
445;Homo_sapiens;74.41;27.32;43100;37100;1
446;Homo_sapiens;7.54;43.78;40803;37106;1
447;Homo_neanderthalensis;-0.9;37.8;41140;37115;1
448;Homo_sapiens;108.17;51.63;41840;37127;1
451;Homo_sapiens;-2.04;43.03;42152;37151;4
455;Homo_sapiens;16.63;49.2;44212;37165;3
467;Homo_neanderthalensis;17.95;50.03;54672;37246;6
468;Homo_neanderthalensis;3.77;47.59;42051;37270;1
474;Homo_sapiens;-2.48;43.06;41345;37300;2
475;Homo_neanderthalensis;43.25;42.31;56500;37300;4
477;Homo_neanderthalensis;33.88;44.73;48500;37300;2
478;Homo_sapiens;115.87;39.66;41005;37306;1
483;Homo_sapiens;80.43;6.99;44667;37356;2
486;Homo_neanderthalensis;1.4;42.98;51600;37400;3
488;Homo_sapiens;62.42;66.56;46145;37450;2
489;Homo_neanderthalensis;-9.05;39.71;43430;37470;1
494;Homo_sapiens;89.45;54.42;41038;37494;2
498;Homo_sapiens;33.92;35.62;41978;37537;4
499;Homo_neanderthalensis;115.48;45.24;41113;37548;2
501;Homo_sapiens;1.25;42.92;40518;37587;3
502;Homo_sapiens;34.94;32.56;51986;37589;3
503;Homo_sapiens;113.78;3.82;51582;37589;6
507;Homo_neanderthalensis;0.61;44.96;44976;37601;5
508;Homo_sapiens;-3.53;50.47;42572;37601;12
509;Homo_sapiens;10.97;45.51;39746;37607;1
513;Homo_sapiens;-1.2;43.37;41832;37619;4
515;Homo_sapiens;43.25;42.33;40453;37620;1
516;Homo_neanderthalensis;-7.21;42.75;41861;37623;1
528;Homo_sapiens;0.83;46.67;40956;37678;3
531;Homo_neanderthalensis;34.4;45;43276;37694;3
533;Homo_sapiens;43.25;42.34;41913;37695;2
541;Homo_sapiens;10.97;45.51;41821;37722;5
554;Homo_sapiens;0.81;41.93;40275;37780;1
555;Homo_neanderthalensis;3.76;47.59;45750;37786;8
557;Homo_neanderthalensis;33.88;44.73;46000;37800;1
559;Homo_neanderthalensis;46.93;34.64;41036;37811;1
565;Homo_sapiens;-2.48;43.06;42670;37856;4
567;Homo_sapiens;86.21;23.13;46000;38000;1
568;Homo_sapiens;73.99;26.46;48000;38000;1
569;Homo_erectus;111.1;-7.36;82000;38000;1
570;Homo_neanderthalensis;11.18;42.37;49910;38100;2
571;Homo_sapiens;36.23;36.12;39819;38147;1
572;Homo_sapiens;36.23;36.12;39868;38163;1
579;Homo_sapiens;24.07;43.17;45983;38348;4
581;Homo_sapiens;11.06;42.65;41600;38400;1
582;Homo_neanderthalensis;-0.19;48.68;155000;38400;2
584;Homo_sapiens;33.92;35.62;40385;38466;1
585;Homo_neanderthalensis;34.08;44.83;54500;38500;1
586;Homo_neanderthalensis;5.03;50.49;49500;38500;3
591;Homo_neanderthalensis;13.05;41.23;40835;38541;1
597;Homo_neanderthalensis;-1.21;53.25;44003;38599;1
600;Homo_sapiens;33.92;35.62;44528;38688;3
601;Homo_sapiens;4.33;43.93;42703;38709;2
604;Homo_neanderthalensis;84.68;51.4;73500;38900;2
605;Homo_neanderthalensis;19.79;50.02;70600;38900;5
607;Homo_sapiens;-3.97;43.29;45667;38906;1
608;Homo_sapiens;39.05;51.39;42269;38934;3
613;Homo_neanderthalensis;4.56;44.32;57000;39000;3
614;Homo_neanderthalensis;34.08;44.83;49000;39000;1
616;Homo_sapiens;33.92;35.62;40604;39029;1
618;Homo_sapiens;135.54;34.68;40846;39045;1
619;Homo_neanderthalensis;-2.76;51.28;54613;39081;1
623;Homo_sapiens;39.03;51.39;42389;39084;3
624;Homo_sapiens;22.32;45.82;42100;39100;1
627;Homo_sapiens;22.81;37.69;40572;39128;1
628;Homo_neanderthalensis;12.42;51.58;49800;39129;3
631;Homo_neanderthalensis;-0.55;40.51;41681;39136;1
632;Homo_neanderthalensis;-2.53;43.08;40499;39154;1
635;Homo_sapiens;36.23;36.12;40476;39162;1
638;Homo_neanderthalensis;-0.47;38.8;45931;39171;1
639;Homo_neanderthalensis;9.75;48.37;42136;39180;2
642;Homo_sapiens;21.85;45.01;44050;39190;1
643;Homo_sapiens;112.28;39.42;42795;39199;1
652;Homo_neanderthalensis;-0.64;45.75;42513;39255;2
653;Homo_neanderthalensis;-9.05;39.71;42252;39257;2
655;Homo_neanderthalensis;19.21;43.25;42319;39264;1
656;Homo_neanderthalensis;20.07;44.18;42319;39264;1
662;Homo_neanderthalensis;40;44.17;54726;39290;7
666;Homo_neanderthalensis;11.79;48.94;42625;39324;1
668;Homo_sapiens;25.42;42.93;41806;39334;3
669;Homo_neanderthalensis;-0.9;37.8;41039;39334;1
670;Homo_neanderthalensis;-0.69;43.64;42271;39339;1
671;Homo_neanderthalensis;3.77;47.59;45213;39342;1
672;Homo_sapiens;1.69;41.53;42130;39343;2
674;Homo_neanderthalensis;3.76;47.59;44454;39353;2
677;Homo_sapiens;33.92;35.62;44321;39368;2
679;Homo_sapiens;33.92;35.62;40984;39375;1
680;Homo_sapiens;23.13;37.42;40920;39380;1
685;Homo_sapiens;17.96;40.16;42221;39434;3
686;Homo_sapiens;10.18;48.55;41140;39437;1
688;Homo_neanderthalensis;2.66;48.25;45802;39440;4
694;Homo_neanderthalensis;-0.64;45.75;43063;39469;1
695;Homo_sapiens;-3.86;43.36;42506;39490;1
697;Homo_neanderthalensis;40;44.17;47708;39500;2
698;Homo_sapiens;36.23;36.12;41159;39505;1
700;Homo_neanderthalensis;-3.97;43.29;54659;39530;2
701;Homo_neanderthalensis;17.96;40.16;50346;39530;2
702;Homo_sapiens;-3.97;43.29;49881;39532;8
706;Homo_neanderthalensis;18.11;49.58;45806;39548;2
711;Homo_neanderthalensis;34.08;44.83;40600;39600;1
712;Homo_neanderthalensis;28.45;44.53;42639;39618;1
720;Homo_sapiens;22.7;43.65;43053;39685;4
724;Homo_neanderthalensis;3.64;46.41;44273;39706;2
726;Homo_sapiens;102.96;49.26;41866;39718;1
730;Homo_sapiens;-1.2;43.37;43124;39744;4
731;Homo_neanderthalensis;0.29;45.5;42742;39744;1
733;Homo_neanderthalensis;34.08;44.83;42995;39754;1
736;Homo_sapiens;16.53;49.11;46766;39784;3
737;Homo_neanderthalensis;9.75;48.37;42905;39803;2
739;Homo_sapiens;22.33;43.58;41789;39810;1
741;Homo_sapiens;17.96;40.16;42000;39817;1
742;Homo_neanderthalensis;34.6;45.1;42890;39822;3
744;Homo_sapiens;33.92;35.62;41763;39854;2
753;Homo_neanderthalensis;2.75;42.16;52118;39981;4
755;Homo_neanderthalensis;1.07;45;54697;39995;5
757;Homo_neanderthalensis;-6.34;38.12;46000;40000;1
760;Homo_sapiens;15.23;40.48;42015;40033;1
762;Homo_neanderthalensis;0.71;46.96;42930;40068;1
764;Homo_neanderthalensis;-2.48;43.06;44065;40068;5
768;Homo_neanderthalensis;34.6;45.1;45626;40097;2
769;Homo_neanderthalensis;0.71;46.96;48800;40100;8
770;Homo_neanderthalensis;-6.05;42.48;69500;40100;2
773;Homo_neanderthalensis;-0.41;42.14;43112;40158;2
774;Homo_neanderthalensis;0.29;45.5;42988;40170;1
777;Homo_neanderthalensis;3.77;47.59;44972;40251;1
778;Homo_neanderthalensis;0.88;45.23;44207;40267;1
781;Homo_neanderthalensis;16.41;49.05;46900;40300;5
782;Homo_neanderthalensis;15.38;40;47300;40300;1
783;Homo_neanderthalensis;0.93;44.48;47400;40300;3
784;Homo_neanderthalensis;-6.34;38.12;45700;40300;1
785;Homo_neanderthalensis;-0.64;45.75;47475;40319;1
786;Homo_sapiens;33.92;35.62;44303;40330;5
801;Homo_sapiens;43.25;42.33;44121;40537;1
802;Homo_neanderthalensis;3.76;47.59;44823;40541;6
803;Homo_neanderthalensis;16.57;49.11;48652;40547;3
804;Homo_neanderthalensis;0.94;44.95;45192;40559;5
806;Homo_sapiens;36.23;36.12;42019;40589;1
807;Homo_neanderthalensis;0.84;41.87;44805;40603;1
809;Homo_neanderthalensis;0.29;45.5;44065;40607;1
811;Homo_sapiens;36.23;36.12;41969;40607;1
812;Homo_neanderthalensis;-3.47;42.07;42807;40622;1
814;Homo_neanderthalensis;-3.47;42.07;42926;40624;1
816;Homo_neanderthalensis;0.83;46.67;42877;40631;4
819;Homo_neanderthalensis;5.59;50.59;46666;40653;1
823;Homo_neanderthalensis;5.3;50.44;49297;40694;1
824;Homo_neanderthalensis;-4.14;40.95;46100;40700;3
825;Homo_neanderthalensis;-0.47;38.69;69700;40700;4
826;Homo_neanderthalensis;45.11;40.64;63900;40700;4
827;Homo_neanderthalensis;4.75;44.48;51380;40720;4
828;Homo_sapiens;23.02;48.25;44401;40720;1
829;Homo_neanderthalensis;43.25;42.31;44401;40720;2
831;Homo_sapiens;106.48;38.35;41811;40757;1
834;Homo_neanderthalensis;19.83;50.2;46620;40777;2
835;Homo_sapiens;33.92;35.62;41993;40789;1
837;Homo_neanderthalensis;7.87;51.35;44779;40797;2
841;Homo_neanderthalensis;-9.05;39.71;42812;40837;1
845;Homo_neanderthalensis;-0.74;52.64;44251;40855;5
846;Homo_neanderthalensis;3.76;47.59;43227;40855;5
847;Homo_neanderthalensis;7.54;43.78;44486;40876;5
848;Homo_sapiens;-3.53;50.47;44720;40894;2
849;Homo_neanderthalensis;1.91;41.39;49000;40900;2
851;Homo_sapiens;12.86;41.6;44170;40911;2
852;Homo_neanderthalensis;16.5;43.53;45177;40917;1
854;Homo_neanderthalensis;-0.41;42.14;44159;40924;2
857;Homo_neanderthalensis;14.07;41.62;54823;40958;5
863;Homo_neanderthalensis;1.91;41.39;44623;40989;2
864;Homo_neanderthalensis;2.77;42.13;49000;41000;1
865;Homo_neanderthalensis;2.13;49.43;58000;41000;2
866;Homo_neanderthalensis;-1.45;43.48;51000;41000;1
867;Homo_neanderthalensis;-7.67;39.65;47000;41000;1
870;Homo_neanderthalensis;0.93;43.15;44203;41045;1
872;Homo_neanderthalensis;3.76;47.59;45495;41056;6
873;Homo_neanderthalensis;4.54;44.33;48058;41057;3
876;Homo_neanderthalensis;14.07;41.62;48005;41070;3
880;Homo_sapiens;11.57;45.47;44575;41100;1
883;Homo_neanderthalensis;2.98;43.09;49626;41121;3
886;Homo_sapiens;39.04;51.4;43758;41142;1
887;Homo_neanderthalensis;20.07;44.18;42817;41143;1
891;Homo_neanderthalensis;9.78;48.39;42826;41155;1
892;Homo_neanderthalensis;4.75;44.48;50505;41173;3
896;Homo_neanderthalensis;5.69;50.59;45139;41190;2
897;Homo_neanderthalensis;1.25;44.86;49068;41192;5
898;Homo_neanderthalensis;-5.08;43.29;42890;41199;2
899;Homo_neanderthalensis;27.18;44.6;44335;41200;1
900;Homo_neanderthalensis;-2.62;42.21;46774;41201;1
902;Homo_neanderthalensis;10.33;52.18;51921;41219;3
904;Homo_neanderthalensis;1.91;41.39;42956;41231;1
907;Homo_sapiens;10.97;45.51;47174;41242;2
908;Homo_sapiens;16.57;49.11;43932;41244;1
909;Homo_sapiens;102.96;49.26;42827;41247;5
911;Homo_neanderthalensis;3.77;47.59;46543;41276;1
912;Homo_neanderthalensis;84.33;51.67;42760;41281;1
913;Homo_neanderthalensis;46.93;34.64;44726;41288;3
914;Homo_neanderthalensis;-0.47;38.69;59400;41300;2
915;Homo_neanderthalensis;-1.46;43.48;47300;41300;1
916;Homo_neanderthalensis;0.9;44.56;47991;41303;7
918;Homo_neanderthalensis;9.02;45.93;55200;41308;2
920;Homo_neanderthalensis;6.82;46.98;48461;41332;3
921;Homo_neanderthalensis;4.43;44.44;48598;41337;3
925;Homo_neanderthalensis;18.11;49.58;46263;41368;2
927;Homo_neanderthalensis;16.37;49.02;45905;41386;8
928;Homo_neanderthalensis;2.66;48.25;53000;41400;2
929;Homo_sapiens;58.93;53.06;48002;41404;1
931;Homo_neanderthalensis;-5.5;36.55;42380;41416;1
932;Homo_neanderthalensis;1.35;44.77;54701;41416;3
939;Homo_neanderthalensis;16.5;43.53;46676;41486;1
940;Homo_neanderthalensis;-0.47;38.69;47900;41500;1
941;Homo_neanderthalensis;22.88;45.81;54654;41500;3
942;Homo_neanderthalensis;16.5;43.53;46607;41509;1
945;Homo_neanderthalensis;3.76;47.59;44906;41513;5
946;Homo_neanderthalensis;0.57;44.85;51986;41514;2
948;Homo_sapiens;101.69;52.02;54671;41559;2
950;Homo_sapiens;25.42;42.93;42393;41579;1
954;Homo_neanderthalensis;-0.41;42.14;43922;41620;1
956;Homo_sapiens;104.67;34.78;43103;41641;1
957;Homo_sapiens;102.84;23.22;43103;41641;1
961;Homo_neanderthalensis;-6.05;42.48;59100;41700;1
963;Homo_neanderthalensis;22.56;36.76;50377;41702;4
964;Homo_neanderthalensis;42.77;42.27;54703;41708;3
967;Homo_neanderthalensis;17.92;48.56;45806;41721;1
968;Homo_neanderthalensis;-8.6;39.25;45806;41721;2
971;Homo_neanderthalensis;9.75;48.37;43252;41754;1
973;Homo_neanderthalensis;0.94;44.95;58900;41800;6
974;Homo_neanderthalensis;0.94;44.95;47000;41800;1
977;Homo_sapiens;17.96;40.16;43182;41828;2
980;Homo_neanderthalensis;-4.14;40.95;45011;41847;5
981;Homo_neanderthalensis;10.97;45.51;46839;41857;3
986;Homo_sapiens;48.03;41.92;44427;41867;1
987;Homo_neanderthalensis;10.97;45.51;45926;41876;3
992;Homo_sapiens;113.78;3.82;46801;41887;2
994;Homo_sapiens;34.94;32.56;51479;41897;4
995;Homo_neanderthalensis;11.06;42.65;46100;41900;1
996;Homo_neanderthalensis;-2.29;40.94;44675;41902;1
997;Homo_sapiens;82.07;71.91;49750;41911;4
998;Homo_neanderthalensis;58.9;55.7;47677;41921;1
1000;Homo_neanderthalensis;-5.11;43.35;45898;41931;1
1003;Homo_neanderthalensis;0.81;41.93;43147;41949;1
1005;Homo_neanderthalensis;3.86;45.06;48123;41961;2
1007;Homo_sapiens;16.56;49.17;44623;41969;2
1010;Homo_neanderthalensis;6.94;51.22;45079;41982;3
1015;Homo_neanderthalensis;2.13;43.43;61000;42000;4
1016;Homo_neanderthalensis;2.62;48.63;141000;42000;5
1017;Homo_neanderthalensis;1.91;45.22;44000;42000;1
1018;Homo_sapiens;76.03;22.23;46000;42000;1
1021;Homo_sapiens;103.41;20.21;69600;42000;3
1023;Homo_neanderthalensis;19.83;50.43;54714;42008;2
1024;Homo_sapiens;20.38;48.12;52071;42014;2
1025;Homo_neanderthalensis;11.79;48.94;47538;42016;3
1026;Homo_neanderthalensis;3.64;46.41;44972;42017;3
1027;Homo_neanderthalensis;22.56;36.76;42803;42035;1
1032;Homo_sapiens;15.4;48.32;43984;42057;2
1039;Homo_neanderthalensis;-5.08;43.29;44099;42084;1
1041;Homo_neanderthalensis;-3.36;53.25;48631;42085;1
1042;Homo_neanderthalensis;115.48;45.24;46580;42085;2
1043;Homo_neanderthalensis;0.72;46.41;46045;42085;1
1044;Homo_neanderthalensis;11.59;45.49;54752;42085;2
1049;Homo_neanderthalensis;-0.64;45.75;50020;42119;1
1051;Homo_neanderthalensis;0.61;44.96;48040;42130;1
1052;Homo_neanderthalensis;16.5;43.53;48552;42151;2
1053;Homo_neanderthalensis;40.27;45.17;54694;42151;3
1057;Homo_neanderthalensis;10.97;45.51;48614;42173;3
1058;Homo_sapiens;10.97;45.51;48614;42173;3
1060;Homo_sapiens;48.29;33.55;44180;42181;1
1064;Homo_neanderthalensis;4.43;44.44;50000;42200;1
1065;Homo_neanderthalensis;9.75;48.37;44425;42204;1
1066;Homo_neanderthalensis;1.69;41.53;43249;42211;1
1068;Homo_neanderthalensis;0.29;45.5;46839;42214;1
1069;Homo_neanderthalensis;10.97;45.51;47886;42218;1
1077;Homo_sapiens;71.2;57.74;47628;42259;2
1084;Homo_neanderthalensis;-1.49;38.07;54722;42274;2
1089;Homo_neanderthalensis;3.76;47.59;44301;42295;3
1101;Homo_neanderthalensis;-5.34;36.12;54743;42314;3
1102;Homo_neanderthalensis;33.92;35.62;50038;42319;4
1105;Homo_neanderthalensis;43.7;42;54675;42335;1
1106;Homo_neanderthalensis;1.69;41.53;45759;42344;1
1108;Homo_neanderthalensis;89.94;55.55;45846;42347;1
1115;Homo_neanderthalensis;18.12;49.59;48335;42379;2
1116;Homo_neanderthalensis;-6.05;42.48;54600;42379;4
1119;Homo_neanderthalensis;0.29;45.5;47400;42400;1
1122;Homo_neanderthalensis;18.56;42.67;45751;42402;1
1123;Homo_neanderthalensis;-6.34;38.12;71200;42404;2
1126;Homo_neanderthalensis;-3.45;43.24;54725;42413;2
1127;Homo_neanderthalensis;10.18;48.55;44316;42429;1
1128;Homo_neanderthalensis;-4.65;43.33;54440;42431;1
1132;Homo_neanderthalensis;17.92;48.56;48333;42439;1
1133;Homo_neanderthalensis;-3.97;43.29;54742;42439;3
1134;Homo_sapiens;25.42;42.93;46213;42440;25
1141;Homo_neanderthalensis;0.29;45.5;46223;42496;1
1152;Homo_neanderthalensis;-2.2;43.23;54719;42545;2
1153;Homo_neanderthalensis;1.1;45.02;55900;42545;2
1155;Homo_neanderthalensis;21.9;43.17;44852;42551;1
1156;Homo_neanderthalensis;-2.75;43.14;47898;42552;1
1160;Homo_sapiens;17.96;40.16;44302;42570;1
1163;Homo_neanderthalensis;3.76;47.59;46751;42585;3
1164;Homo_neanderthalensis;1.35;44.77;54915;42586;2
1166;Homo_neanderthalensis;16.09;46.31;54748;42587;3
1171;Homo_neanderthalensis;0.97;44.91;60700;42600;2
1174;Homo_neanderthalensis;-0.99;39.75;44739;42607;1
1178;Homo_neanderthalensis;2.59;42.28;44836;42620;1
1184;Homo_neanderthalensis;-2.88;51.29;44722;42659;1
1186;Homo_neanderthalensis;1.07;45;50327;42678;1
1187;Homo_neanderthalensis;43.48;42.24;54696;42683;1
1189;Homo_neanderthalensis;10.18;48.55;44697;42687;1
1191;Homo_neanderthalensis;11.4;51.81;52029;42694;1
1195;Homo_neanderthalensis;4.51;50.06;51627;42721;2
1197;Homo_neanderthalensis;1.07;45;50035;42750;1
1200;Homo_neanderthalensis;-5.34;36.12;54744;42765;2
1201;Homo_neanderthalensis;-1.49;38.07;54729;42769;2
1203;Homo_neanderthalensis;-5.34;36.12;54759;42774;2
1205;Homo_neanderthalensis;-3.52;42.35;51077;42775;1
1210;Homo_neanderthalensis;-0.47;38.69;51600;42800;1
1212;Homo_sapiens;48.03;41.92;51977;42804;1
1216;Homo_neanderthalensis;15.61;48.43;54696;42812;2
1217;Homo_neanderthalensis;16.5;43.53;54688;42817;1
1221;Homo_sapiens;85.42;50.72;49867;42836;1
1222;Homo_neanderthalensis;23.77;45.2;54807;42848;4
1226;Homo_sapiens;122.97;40.58;66900;42855;3
1228;Homo_neanderthalensis;1.25;44.86;54850;42862;5
1229;Homo_neanderthalensis;2.1;41.81;45896;42863;5
1234;Homo_sapiens;85.42;50.72;49648;42883;1
1236;Homo_neanderthalensis;23.98;43.2;48478;42886;1
1237;Homo_neanderthalensis;17.22;49.67;48730;42890;1
1238;Homo_neanderthalensis;19.48;50.62;62900;42900;1
1243;Homo_neanderthalensis;-3.52;42.35;51921;42939;1
1245;Homo_neanderthalensis;-3.52;42.35;52122;42949;1
1247;Homo_neanderthalensis;-3.96;43.39;47780;42953;2
1249;Homo_neanderthalensis;23.02;45.11;54776;42959;2
1252;Homo_neanderthalensis;-4.5;36.63;54756;42988;6
1253;Homo_neanderthalensis;1.07;45;54730;42988;4
1254;Homo_sapiens;16.59;49.17;47529;42991;3
1256;Homo_neanderthalensis;5.23;44.02;76000;43000;3
1258;Homo_neanderthalensis;84.68;51.4;55400;43000;1
1259;Homo_neanderthalensis;4.55;44.32;61000;43000;1
1261;Homo_neanderthalensis;0.84;41.87;60700;43000;5
1264;Homo_sapiens;103.41;20.21;78000;43000;2
1266;Homo_sapiens;114.24;40.12;49000;43000;1
1270;Homo_sapiens;113.78;3.82;46660;43018;2
1271;Homo_sapiens;16.59;49.17;47881;43027;3
1273;Homo_neanderthalensis;5.69;50.59;52022;43035;1
1274;Homo_neanderthalensis;0.29;45.5;52022;43035;1
1276;Homo_neanderthalensis;-0.9;37.8;44550;43050;1
1279;Homo_sapiens;34.79;30.87;54853;43067;14
1282;Homo_neanderthalensis;-0.89;43.14;52071;43078;1
1284;Homo_sapiens;22.7;43.65;49327;43087;2
1285;Homo_neanderthalensis;-8.13;38.55;54700;43100;1
1286;Homo_neanderthalensis;17.3;40.95;54724;43103;1
1297;Homo_neanderthalensis;0.94;44.95;47402;43170;7
1300;Homo_neanderthalensis;10.18;48.55;45943;43190;1
1302;Homo_neanderthalensis;-4.6;43.2;49968;43194;2
1303;Homo_neanderthalensis;-0.47;38.69;61100;43200;4
1306;Homo_neanderthalensis;13.91;46.11;48834;43236;1
1308;Homo_neanderthalensis;1.69;41.53;48503;43239;1
1309;Homo_neanderthalensis;-2.73;43;54698;43239;1
1311;Homo_neanderthalensis;-3.24;43.38;51577;43240;2
1316;Homo_neanderthalensis;23.02;45.11;54699;43257;1
1322;Homo_neanderthalensis;0.29;45.5;54800;43291;2
1324;Homo_neanderthalensis;1.69;41.53;48933;43297;1
1330;Homo_neanderthalensis;15.38;40;54701;43335;1
1333;Homo_sapiens;34.79;30.87;48547;43366;3
1339;Homo_neanderthalensis;5.69;50.59;54702;43382;1
1341;Homo_neanderthalensis;90.95;54.13;51775;43406;1
1342;Homo_neanderthalensis;11.4;51.81;54703;43406;1
1344;Homo_neanderthalensis;-2.73;43;54703;43409;1
1345;Homo_neanderthalensis;-2.73;43;54703;43409;1
1347;Homo_neanderthalensis;17.22;49.67;75090;43420;4
1348;Homo_neanderthalensis;14.07;41.62;46109;43423;1
1353;Homo_neanderthalensis;13.1;41.24;98700;43500;1
1358;Homo_sapiens;15.4;48.32;48130;43557;1
1359;Homo_neanderthalensis;-0.42;45.44;73800;43600;1
1360;Homo_neanderthalensis;13.91;46.11;55700;43600;3
1362;Homo_neanderthalensis;-4.13;36.62;54708;43632;1
1368;Homo_neanderthalensis;43.25;42.34;54714;43858;1
1375;Homo_neanderthalensis;0.46;44.86;54800;44000;2
1376;Homo_neanderthalensis;83.16;51.41;56700;44000;2
1377;Homo_neanderthalensis;13.51;41.22;66000;44000;1
1380;Homo_neanderthalensis;1.73;45;60000;44000;2
1384;Homo_neanderthalensis;3.21;49.84;54000;44000;2
1392;Homo_neanderthalensis;-5.11;43.35;54733;44091;2
1406;Homo_neanderthalensis;-3.53;42.35;52100;44300;2
1409;Homo_neanderthalensis;16.09;46.31;49956;44340;1
1410;Homo_neanderthalensis;19.83;50.2;54764;44345;2
1412;Homo_neanderthalensis;-5.11;43.35;49977;44363;2
1413;Homo_neanderthalensis;17.22;49.67;54728;44381;1
1414;Homo_neanderthalensis;-0.31;43.82;59000;44400;1
1418;Homo_neanderthalensis;-3.97;43.29;54729;44416;2
1419;Homo_neanderthalensis;-5.34;36.12;54756;44419;1
1423;Homo_neanderthalensis;12.97;46.28;51301;44448;4
1428;Homo_neanderthalensis;1.69;41.53;50128;44474;1
1430;Homo_sapiens;102.96;49.26;46291;44480;1
1431;Homo_neanderthalensis;4.82;50.22;54730;44490;1
1433;Homo_neanderthalensis;9.02;45.93;54731;44511;1
1436;Homo_neanderthalensis;-5.31;43.38;54732;44532;1
1437;Homo_neanderthalensis;40;44.17;60700;44532;2
1438;Homo_neanderthalensis;0.29;45.5;54732;44547;2
1439;Homo_neanderthalensis;12.97;46.28;54753;44558;3
1442;Homo_neanderthalensis;-2.73;43;54733;44583;1
1445;Homo_neanderthalensis;-6.05;42.48;69600;44600;1
1446;Homo_neanderthalensis;16.5;43.53;48534;44603;1
1449;Homo_neanderthalensis;9.78;48.39;54734;44627;1
1450;Homo_neanderthalensis;-3.86;43.36;47969;44633;1
1453;Homo_neanderthalensis;-0.99;39.75;48426;44638;1
1458;Homo_neanderthalensis;-5.81;36.75;64100;44700;2
1463;Homo_neanderthalensis;20.63;48.11;52013;44779;2
1464;Homo_sapiens;134.47;68.92;49804;44789;1
1467;Homo_neanderthalensis;34.94;32.56;51800;44800;1
1473;Homo_neanderthalensis;9.02;45.93;55800;44840;2
1478;Homo_neanderthalensis;0.61;45.32;58300;44900;2
1484;Homo_neanderthalensis;0.74;46.42;51440;44946;1
1485;Homo_neanderthalensis;23.02;45.11;54743;44958;1
1487;Homo_neanderthalensis;43.48;42.24;54769;44980;2
1489;Homo_neanderthalensis;1.69;41.53;54743;44988;1
1492;Homo_neanderthalensis;-2.68;51.23;54830;44997;4
1493;Homo_neanderthalensis;1.45;50.11;65000;45000;1
1495;Homo_neanderthalensis;-1.45;43.48;55000;45000;1
1501;Homo_neanderthalensis;0.37;42.92;54745;45046;1
1503;Homo_neanderthalensis;-6.34;38.12;55300;45100;1
1505;Homo_neanderthalensis;2.29;49.11;54748;45158;1
1508;Homo_neanderthalensis;-1.19;53.26;51231;45173;1
1511;Homo_sapiens;82.01;24.5;57700;45300;2
1512;Homo_neanderthalensis;-0.47;38.69;58600;45300;2
1515;Homo_neanderthalensis;11.18;42.37;51266;45393;3
1517;Homo_neanderthalensis;34.94;32.56;54849;45409;5
1521;Homo_sapiens;82.01;24.5;56800;45500;2
1524;Homo_neanderthalensis;0.83;46.67;54300;45600;2
1527;Homo_neanderthalensis;13.91;46.11;63400;45700;3
1528;Homo_neanderthalensis;84.68;51.4;54762;45704;1
1529;Homo_neanderthalensis;44.24;36.8;54763;45762;2
1535;Homo_neanderthalensis;3.43;50.45;52540;45860;1
1537;Homo_sapiens;82.01;24.5;57500;45900;2
1545;Homo_neanderthalensis;8.37;44.2;118000;46000;5
1546;Homo_neanderthalensis;13.51;41.22;60000;46000;1
1549;Homo_neanderthalensis;-7.69;39.63;56000;46000;1
1551;Homo_neanderthalensis;-2.96;43.4;59500;46100;1
1552;Homo_neanderthalensis;1.25;44.85;51700;46100;1
1553;Homo_neanderthalensis;11.79;48.94;54773;46142;1
1555;Homo_neanderthalensis;11.79;48.94;54785;46162;1
1556;Homo_neanderthalensis;23.02;45.11;54774;46182;1
1560;Homo_neanderthalensis;-3.24;43.38;52041;46330;1
1564;Homo_neanderthalensis;-1.19;53.26;54782;46481;1
1566;Homo_neanderthalensis;11.79;48.94;54809;46616;1
1569;Homo_neanderthalensis;0.97;44.91;83200;46800;8
1570;Homo_neanderthalensis;0.97;44.91;53900;46900;1
1571;Homo_neanderthalensis;11.82;48.93;55900;46900;1
1574;Homo_neanderthalensis;-3.32;40.95;65600;47000;3
1575;Homo_neanderthalensis;35.63;33.01;77000;47000;6
1576;Homo_neanderthalensis;4.2;44.4;53000;47000;2
1582;Homo_neanderthalensis;83.16;51.41;62300;47200;2
1588;Homo_neanderthalensis;-6.34;38.12;70800;47400;2
1590;Homo_neanderthalensis;1.81;41.22;54600;47600;2
1593;Homo_neanderthalensis;28.3;44.29;61700;47700;1
1596;Homo_neanderthalensis;-3.32;40.95;63700;47800;3
1597;Homo_neanderthalensis;11.79;48.94;54816;47823;1
1599;Homo_sapiens;77.61;22.94;74000;48000;1
1600;Homo_neanderthalensis;-8.55;39.98;97000;48000;2
1604;Homo_neanderthalensis;-5.34;36.12;55000;48400;1
1605;Homo_neanderthalensis;34.94;32.56;55400;48400;1
1606;Homo_neanderthalensis;0.29;45.5;54000;48400;1
1608;Homo_neanderthalensis;4.75;44.48;55350;48650;1
1609;Homo_neanderthalensis;0.81;44.77;54800;48800;1
1610;Homo_neanderthalensis;1.25;44.85;53600;48800;1
1612;Homo_neanderthalensis;0.97;44.91;57100;48900;1
1613;Homo_neanderthalensis;13.1;41.24;58300;48999;2
1615;Homo_neanderthalensis;-0.17;45.2;57000;49000;1
1618;Homo_neanderthalensis;4.2;44.4;59000;49000;1
1620;Homo_sapiens;73.99;26.46;61000;49000;1
1623;Homo_neanderthalensis;-6.34;38.12;71100;49100;1
1625;Homo_sapiens;35.19;33.04;60200;49200;1
1628;Homo_neanderthalensis;5.63;44.75;54700;49500;1
1629;Homo_neanderthalensis;0.61;45.32;63200;49600;1
1631;Homo_neanderthalensis;-1.22;53.28;55900;49700;1
1632;Homo_neanderthalensis;1.25;44.85;55700;49700;1
1635;Homo_neanderthalensis;-0.9;37.8;57850;49750;2
1638;Homo_neanderthalensis;16.99;51.09;83700;49900;5
1639;Homo_neanderthalensis;16.99;51.09;60900;49900;2
1640;Homo_neanderthalensis;-0.17;45.2;60000;50000;1
1642;Homo_sapiens;119.56;35.5;63000;50000;3
1644;Homo_neanderthalensis;-0.9;37.8;59400;50000;1
1649;Homo_neanderthalensis;19.83;50.2;60300;50300;1
1651;Homo_neanderthalensis;1.25;44.85;56100;50300;1
1652;Homo_neanderthalensis;-6.34;38.12;58800;50400;1
1654;Homo_neanderthalensis;0.69;52.52;56800;50600;1
1656;Homo_neanderthalensis;-2.98;51.29;54600;50800;1
1657;Homo_neanderthalensis;1.81;41.22;60480;50892;1
1658;Homo_neanderthalensis;8.38;44.2;69000;51000;1
1659;Homo_neanderthalensis;-1.45;43.48;61000;51000;1
1661;Homo_neanderthalensis;0.69;52.52;59000;51000;1
1663;Homo_neanderthalensis;-1.19;53.26;59000;51000;1
1666;Homo_neanderthalensis;13.08;45.43;59000;51100;2
1668;Homo_neanderthalensis;-4.6;43.2;54700;51400;2
1669;Homo_neanderthalensis;-6.34;38.12;59800;51400;1
1672;Homo_neanderthalensis;-3.57;42.34;60546;51768;1
1673;Homo_neanderthalensis;84.68;51.4;77900;51900;2
1674;Homo_neanderthalensis;-3.53;42.35;63300;51900;1
1676;Homo_neanderthalensis;19.83;50.43;82000;52000;1
1677;Homo_neanderthalensis;10.51;44.67;70000;52000;1
1679;Homo_sapiens;74.51;27.32;70000;52000;1
1682;Homo_neanderthalensis;17.3;48.49;61900;52100;1
1685;Homo_neanderthalensis;13.91;46.11;89800;52300;3
1690;Homo_neanderthalensis;1.24;44.86;65500;52500;2
1691;Homo_neanderthalensis;13.91;46.11;64400;52600;3
1695;Homo_neanderthalensis;0.43;45.74;62400;52800;1
1697;Homo_neanderthalensis;23.6;46.76;67400;52800;3
1699;Homo_neanderthalensis;35.3;32.95;60000;53000;1
1701;Homo_neanderthalensis;4.36;44.51;66000;53000;2
1702;Homo_neanderthalensis;0.29;45.5;57400;53000;1
1703;Homo_neanderthalensis;-3.63;40.31;87000;53000;1
1705;Homo_neanderthalensis;18.08;50.03;70000;53000;3
1707;Homo_neanderthalensis;0.55;44.86;66200;53200;2
1708;Homo_neanderthalensis;-6.34;38.12;61000;53200;1
1709;Homo_neanderthalensis;34.94;32.56;61300;53300;1
1713;Homo_neanderthalensis;1.24;44.86;61700;53700;1
1715;Homo_neanderthalensis;-3.57;42.34;63695;53881;1
1716;Homo_neanderthalensis;35.3;32.95;61300;53900;1
1718;Homo_neanderthalensis;-7.69;39.62;68000;54000;1
1720;Homo_neanderthalensis;-0.42;45.44;61000;54000;1
1723;Homo_neanderthalensis;-3.97;43.29;83800;54100;4
1724;Homo_neanderthalensis;0.29;45.5;58900;54100;1
1725;Homo_neanderthalensis;40;44.17;78000;54100;2
1727;Homo_neanderthalensis;34.94;32.56;62400;54400;1
1728;Homo_neanderthalensis;-3.42;37.44;67230;54420;2
1729;Homo_neanderthalensis;43.79;40.33;65900;54500;1
1730;Homo_neanderthalensis;1.25;44.86;60100;54500;1
1731;Homo_neanderthalensis;2.88;43.32;57900;54500;1
1732;Homo_neanderthalensis;1.69;41.53;55102;54712;2
1735;Homo_neanderthalensis;0.25;45.61;58600;55000;1
1737;Homo_neanderthalensis;5.17;50.15;90000;55000;3
1738;Homo_neanderthalensis;21.6;51.35;73000;55000;1
1739;Homo_neanderthalensis;-1.9;49.72;87600;55100;4
1740;Homo_neanderthalensis;1.24;44.86;69500;55100;3
1742;Homo_neanderthalensis;0.35;46.62;60100;55300;1
1744;Homo_neanderthalensis;0.29;45.5;64300;55500;1
1745;Homo_neanderthalensis;-6.34;38.12;64700;55500;1
1746;Homo_neanderthalensis;13.1;41.24;68300;55700;1
1747;Homo_neanderthalensis;6.82;46.98;84400;55700;2
1749;Homo_neanderthalensis;35.11;32.68;62000;56000;1
1751;Homo_neanderthalensis;1.24;44.86;65000;56000;1
1752;Homo_sapiens;35.3;32.68;128000;56000;5
1753;Homo_neanderthalensis;24.07;43.17;78000;56000;1
1754;Homo_neanderthalensis;21.6;51.35;74000;56000;1
1755;Homo_neanderthalensis;1.81;41.22;63968;56194;1
1756;Homo_neanderthalensis;0.55;44.87;101300;56200;2
1758;Homo_neanderthalensis;34.94;32.56;63400;56400;1
1759;Homo_neanderthalensis;34.94;32.56;63500;56500;1
1765;Homo_neanderthalensis;44.77;40.56;74000;57000;2
1766;Homo_neanderthalensis;1.69;41.53;57800;57140;3
1768;Homo_neanderthalensis;4.48;44.06;68800;57200;1
1770;Homo_neanderthalensis;85.42;50.72;77200;57200;2
1772;Homo_neanderthalensis;0.29;45.5;64600;57400;1
1775;Homo_neanderthalensis;0.97;44.91;81000;57600;2
1777;Homo_neanderthalensis;-3.82;40.93;68960;57942;1
1778;Homo_neanderthalensis;34.94;32.56;65200;58000;1
1780;Homo_neanderthalensis;-4.31;42.62;90000;58000;1
1782;Homo_sapiens;115.96;29.57;109000;58000;4
1783;Homo_neanderthalensis;1.25;44.86;64900;58100;1
1784;Homo_neanderthalensis;-4.5;36.63;76900;58140;3
1785;Homo_neanderthalensis;-3.97;43.29;79500;58200;2
1786;Homo_neanderthalensis;-6.34;38.12;71900;58300;1
1787;Homo_neanderthalensis;0.94;44.95;83200;58500;2
1789;Homo_neanderthalensis;-6.34;38.12;72500;58700;1
1790;Homo_neanderthalensis;7.05;43.72;83400;58900;3
1791;Homo_neanderthalensis;0.97;44.91;73400;58900;2
1794;Homo_neanderthalensis;0.43;47.34;78600;59000;2
1795;Homo_neanderthalensis;0.69;52.52;72000;59000;2
1797;Homo_neanderthalensis;-1.84;49.47;94000;59000;6
1801;Homo_neanderthalensis;-3.57;42.34;81567;59545;1
1802;Homo_neanderthalensis;-6.34;38.12;69400;59600;1
1803;Homo_neanderthalensis;1.25;47.29;71700;59700;3
1804;Homo_neanderthalensis;13.91;46.11;76800;59800;3
1806;Homo_sapiens;102.82;24.82;80000;60000;1
1809;Homo_sapiens;108.18;37.18;68000;60000;1
1810;Homo_neanderthalensis;34.97;32.67;120000;60000;1
1816;Homo_sapiens;107.72;29.88;79600;60400;5
1818;Homo_neanderthalensis;-6.34;38.12;71800;60800;1
1821;Homo_neanderthalensis;13.49;41.24;71000;61000;1
1822;Homo_neanderthalensis;-9.13;38.85;89000;61000;2
1823;Homo_neanderthalensis;2.12;50.02;80500;61100;2
1826;Homo_neanderthalensis;5.25;43.98;96200;61300;4
1827;Homo_neanderthalensis;-0.42;45.44;71700;61300;1
1830;Homo_neanderthalensis;1.16;44.81;67700;61500;1
1831;Homo_neanderthalensis;-2.96;43.4;78400;61600;1
1834;Homo_neanderthalensis;-1.9;49.72;81600;61900;2
1836;Homo_neanderthalensis;-3.55;40.41;130000;62000;1
1837;Homo_neanderthalensis;4.3;47.53;102000;62000;2
1838;Homo_neanderthalensis;10.58;44.65;84000;62000;1
1839;Homo_neanderthalensis;13.49;41.24;86000;62000;2
1842;Homo_sapiens;82.01;24.5;82800;62100;3
1843;Homo_neanderthalensis;40;44.17;73000;62200;1
1845;Homo_neanderthalensis;-3.42;37.44;77950;62340;3
1847;Homo_neanderthalensis;3.07;50.12;71500;63000;2
1849;Homo_neanderthalensis;2.12;50.02;87900;63200;2
1852;Homo_neanderthalensis;2.12;50.02;89600;63700;2
1853;Homo_neanderthalensis;-1.45;49.68;75700;63700;1
1856;Homo_sapiens;79.88;13.23;84000;64000;1
1857;Homo_neanderthalensis;19.83;50.43;114000;64000;2
1861;Homo_neanderthalensis;21.6;51.35;90000;64000;1
1863;Homo_neanderthalensis;0.97;44.91;91900;64200;4
1864;Homo_neanderthalensis;2.12;50.02;93800;64400;4
1865;Homo_neanderthalensis;6.82;46.98;71200;64400;1
1866;Homo_neanderthalensis;1.25;44.86;72200;64400;1
1870;Homo_neanderthalensis;-0.42;45.44;80600;64800;1
1871;Homo_neanderthalensis;2.12;50.02;83900;64900;2
1872;Homo_neanderthalensis;-0.17;45.2;81000;65000;1
1874;Homo_neanderthalensis;35.11;32.68;67000;65000;1
1875;Homo_neanderthalensis;17.22;49.67;76000;65000;1
1877;Homo_neanderthalensis;35.3;32.95;71900;65100;1
1878;Homo_neanderthalensis;17.22;49.67;77500;65100;1
1879;Homo_neanderthalensis;-3.53;42.35;76600;65400;1
1880;Homo_neanderthalensis;-0.38;45.73;73800;65600;1
1888;Homo_neanderthalensis;-3.82;40.93;83246;66603;2
1890;Homo_sapiens;109.43;24.18;140000;66800;3
1891;Homo_neanderthalensis;-1.45;43.48;69000;67000;1
1892;Homo_sapiens;78.13;15.32;83000;67000;2
1896;Homo_neanderthalensis;11.55;49.5;87610;67186;2
1897;Homo_neanderthalensis;13.91;46.11;90300;67200;3
1899;Homo_neanderthalensis;3.18;43.95;79500;67500;1
1900;Homo_neanderthalensis;5.25;43.98;85000;67800;1
1903;Homo_neanderthalensis;13.1;41.24;87000;68000;1
1904;Homo_neanderthalensis;-3.63;40.31;146000;68000;2
1905;Homo_neanderthalensis;1.69;41.53;68480;68180;1
1906;Homo_neanderthalensis;-3.76;42.51;78200;68200;1
1909;Homo_neanderthalensis;7.84;43.83;96000;68700;2
1910;Homo_neanderthalensis;1.69;41.53;72190;68970;3
1913;Homo_neanderthalensis;11.5;45.43;71200;69200;1
1915;Homo_neanderthalensis;1.69;41.53;69570;69330;1
1917;Homo_neanderthalensis;3.88;44.97;90600;69600;2
1918;Homo_neanderthalensis;0.43;47.34;81400;69800;1
1919;Homo_sapiens;41.06;28.01;80000;70000;1
1920;Homo_sapiens;74.53;27.34;84000;70000;1
1921;Homo_neanderthalensis;24.07;43.17;140000;70000;1
1922;Homo_sapiens;74.41;27.32;90000;70000;1
1924;Homo_neanderthalensis;4.47;49.6;84800;70400;1
1926;Homo_neanderthalensis;17.22;49.67;84400;70600;1
1928;Homo_neanderthalensis;13.91;46.11;89500;70900;3
1929;Homo_neanderthalensis;5.25;43.98;97600;70920;7
1931;Homo_neanderthalensis;1.67;41.46;86000;71000;2
1937;Homo_neanderthalensis;34.12;53.34;93300;71300;5
1938;Homo_neanderthalensis;1.25;47.29;112800;71500;11
1943;Homo_neanderthalensis;34.08;44.83;92000;72000;1
1946;Homo_neanderthalensis;34.88;31.93;122000;72000;2
1948;Homo_neanderthalensis;21.6;51.35;98000;72000;1
1952;Homo_neanderthalensis;13.91;46.11;93000;72300;3
1953;Homo_neanderthalensis;1.25;44.86;80300;72300;1
1954;Homo_neanderthalensis;-3.47;42.05;168020;72410;4
1959;Homo_neanderthalensis;1.69;41.53;73830;72910;3
1960;Homo_neanderthalensis;1.69;41.53;73260;72980;1
1961;Homo_neanderthalensis;1.25;44.86;80400;73000;1
1969;Homo_neanderthalensis;-2.02;49.19;97800;73800;1
1971;Homo_neanderthalensis;19.83;50.43;128000;74000;1
1973;Homo_neanderthalensis;20.33;49.03;140000;74000;3
1974;Homo_neanderthalensis;13.49;41.24;84000;74000;1
1975;Homo_neanderthalensis;0.34;45.03;86400;74400;1
1978;Homo_neanderthalensis;1.24;44.86;95800;74800;2
1981;Homo_sapiens;109.43;24.18;156000;75000;4
1982;Homo_neanderthalensis;4.2;44.4;137000;75000;4
1983;Homo_sapiens;82.01;24.5;80900;75100;1
1987;Homo_neanderthalensis;-8.61;39.51;90100;76100;1
1988;Homo_neanderthalensis;4.47;49.6;91300;76100;1
1992;Homo_neanderthalensis;18.54;44.85;104500;77000;2
1995;Homo_neanderthalensis;-8.61;39.51;87700;77500;1
1998;Homo_neanderthalensis;-3.97;43.29;100000;78000;1
2001;Homo_neanderthalensis;16.09;46.31;94900;78600;4
2002;Homo_neanderthalensis;-1.46;43.48;89900;78700;1
2003;Homo_neanderthalensis;-8.61;39.51;90900;78900;1
2005;Homo_neanderthalensis;5.72;43.33;95000;79000;1
2006;Homo_sapiens;34.97;32.67;117000;79000;1
2008;Homo_neanderthalensis;0.94;44.95;100300;79500;2
2010;Homo_neanderthalensis;19.83;50.43;114000;80000;1
2012;Homo_neanderthalensis;-8.61;39.51;92000;80000;1
2014;Homo_neanderthalensis;3.03;50.55;102000;80000;1
2016;Homo_neanderthalensis;-3.42;37.44;87770;80730;1
2017;Homo_neanderthalensis;-9.2;39.29;93400;80800;1
2018;Homo_neanderthalensis;28.3;44.29;108600;80800;1
2019;Homo_neanderthalensis;4.56;44.32;99000;81000;1
2021;Homo_neanderthalensis;5.03;50.49;173000;81000;1
2022;Homo_neanderthalensis;-2.02;49.19;110000;81200;1
2024;Homo_neanderthalensis;-3.63;40.31;99600;81600;1
2025;Homo_neanderthalensis;84.68;51.4;120500;81700;1
2026;Homo_sapiens;55.85;25.12;143000;81800;3
2027;Homo_sapiens;114.7;40.26;90000;82000;1
2029;Homo_neanderthalensis;1.96;41.27;91900;82000;2
2031;Homo_neanderthalensis;23.54;46.21;116000;82000;1
2032;Homo_neanderthalensis;0.24;51.43;95200;82200;1
2035;Homo_sapiens;77.61;22.94;105000;83000;1
2036;Homo_neanderthalensis;25.55;49.66;166000;83000;3
2037;Homo_neanderthalensis;-1.27;49.6;103000;83000;2
2038;Homo_neanderthalensis;34.97;32.67;181000;83000;3
2039;Homo_neanderthalensis;-3.82;40.93;98842;83080;1
2040;Homo_neanderthalensis;13.49;41.24;128000;84000;2
2046;Homo_sapiens;74.53;27.34;106600;84600;1
2047;Homo_neanderthalensis;17.22;49.67;102200;84800;1
2049;Homo_sapiens;109.09;24.22;139600;85000;1
2050;Homo_neanderthalensis;3.03;50.55;105000;85000;1
2051;Homo_neanderthalensis;19.08;47.5;117600;85000;5
2052;Homo_neanderthalensis;2.83;42.03;90200;85200;1
2053;Homo_neanderthalensis;-8.99;38.47;100300;85223;18
2055;Homo_neanderthalensis;84.68;51.4;124000;85800;2
2057;Homo_neanderthalensis;4.69;44.68;100400;86000;1
2058;Homo_neanderthalensis;11.9;51.32;100000;86000;1
2061;Homo_sapiens;39.4;27.4;94800;86500;2
2063;Homo_neanderthalensis;4.87;44.93;133000;86500;5
2066;Homo_neanderthalensis;-2.02;49.19;118300;86700;1
2069;Homo_neanderthalensis;19.83;50.43;129000;87000;1
2076;Homo_neanderthalensis;-0.99;37.59;120000;87400;6
2078;Homo_sapiens;41.06;28.01;102000;88000;1
2079;Homo_neanderthalensis;21.6;51.35;102000;88000;1
2081;Homo_neanderthalensis;0.11;44.99;97200;88200;1
2084;Homo_neanderthalensis;-4.27;42.75;104372;88307;2
2087;Homo_neanderthalensis;5.72;43.33;105000;89000;1
2088;Homo_neanderthalensis;35.27;32.73;99000;89000;1
2089;Homo_sapiens;121.7;31.87;117000;89000;2
2092;Homo_neanderthalensis;17.22;49.67;106800;89200;1
2097;Homo_neanderthalensis;16.41;49.05;104500;89900;1
2098;Homo_neanderthalensis;-8.99;38.47;98428;89907;3
2099;Homo_neanderthalensis;44.77;40.56;132000;90000;2
2100;Homo_neanderthalensis;11.55;45.42;176000;90000;2
2104;Homo_neanderthalensis;1.25;44.86;99100;90500;1
2107;Homo_neanderthalensis;13.49;41.24;111000;91000;2
2108;Homo_neanderthalensis;13.49;41.24;102000;91000;2
2110;Homo_neanderthalensis;-8.99;38.47;103800;91800;1
2111;Homo_neanderthalensis;35.27;32.73;104000;92000;1
2113;Homo_neanderthalensis;30.57;37.08;135800;92600;2
2114;Homo_neanderthalensis;46.99;39.62;197000;93000;2
2117;Homo_neanderthalensis;2.22;49.07;117000;93000;1
2118;Homo_neanderthalensis;84.68;51.4;115700;93500;1
2119;Homo_neanderthalensis;13.91;46.11;128100;93800;3
2120;Homo_neanderthalensis;0.47;45.67;108000;94000;1
2122;Homo_neanderthalensis;-3.6;40.3;161000;95000;3
2125;Homo_neanderthalensis;22.36;36.68;123000;95000;1
2126;Homo_neanderthalensis;21.68;39.67;165000;95000;7
2127;Homo_neanderthalensis;91.65;55.22;115000;95000;1
2128;Homo_neanderthalensis;-8.61;39.51;123500;95100;1
2129;Homo_neanderthalensis;13.91;46.11;117000;95400;3
2130;Homo_neanderthalensis;33.88;44.73;112500;95500;1
2133;Homo_sapiens;109.53;29.48;112000;96000;1
2134;Homo_neanderthalensis;21.68;39.67;159000;96000;2
2135;Homo_neanderthalensis;1.96;41.27;111700;96500;1
2138;Homo_sapiens;105.37;27.72;181000;97000;2
2139;Homo_neanderthalensis;11.38;50.95;135000;97000;1
2140;Homo_neanderthalensis;1.56;48.99;112800;97200;1
2141;Homo_neanderthalensis;2.83;42.03;117600;97600;1
2143;Homo_neanderthalensis;4.36;44.51;124000;98000;1
2144;Homo_sapiens;109.53;29.48;124000;98000;1
2145;Homo_neanderthalensis;1.24;44.86;111800;98200;1
2146;Homo_neanderthalensis;2.58;44.41;157200;98700;3
2147;Homo_neanderthalensis;1.69;41.53;105100;98900;1
2149;Homo_neanderthalensis;7.78;47.93;141000;99000;2
2153;Homo_neanderthalensis;2.06;49.84;114300;99300;1
2155;Homo_sapiens;107.51;22.29;112900;99500;1
2157;Homo_neanderthalensis;19.83;50.43;144000;100000;1
2158;Homo_neanderthalensis;19.83;50.43;172000;100000;2
2159;Homo_neanderthalensis;4.76;44.73;231000;100000;5
2160;Homo_neanderthalensis;86.23;51.45;166000;100000;1
2161;Homo_neanderthalensis;-7.7;39.64;119000;100000;2
2162;Homo_sapiens;52;17;113000;100200;1
2165;Homo_neanderthalensis;19.83;50.43;151000;101000;1
2168;Homo_neanderthalensis;1.69;41.53;103500;101100;1
2169;Homo_neanderthalensis;-8.99;38.47;118500;101900;1
2170;Homo_sapiens;39.4;27.52;132000;102000;2
2171;Homo_neanderthalensis;1.2;44.8;116000;102000;1
2172;Homo_neanderthalensis;15.38;40;121300;102300;1
2174;Homo_neanderthalensis;-0.25;39.06;139000;103000;1
2176;Homo_neanderthalensis;-6.25;36.58;117988;103026;1
2177;Homo_neanderthalensis;7.3;43.69;138000;104000;3
2179;Homo_erectus;111.07;-7.05;120000;104000;2
2180;Homo_neanderthalensis;-3.42;37.44;135980;104040;2
2186;Homo_neanderthalensis;-0.8;40.46;145000;106000;3
2190;Homo_neanderthalensis;16.41;49.05;124100;106500;1
2191;Homo_neanderthalensis;0.24;51.43;124900;106700;1
2192;Homo_neanderthalensis;1.69;41.53;108610;106870;1
2193;Homo_neanderthalensis;-4.5;36.63;172900;106900;1
2194;Homo_neanderthalensis;0.47;45.67;191000;107000;5
2195;Homo_neanderthalensis;34.88;31.93;188000;107000;3
2199;Homo_neanderthalensis;-1.32;49.68;213000;108000;4
2200;Homo_neanderthalensis;1.69;41.53;112500;108690;3
2201;Homo_neanderthalensis;1.88;50.13;124500;108700;1
2202;Homo_neanderthalensis;1.88;50.13;139000;109000;1
2203;Homo_neanderthalensis;84.68;51.4;131600;109000;1
2206;Homo_neanderthalensis;5.72;43.33;142000;110000;1
2208;Homo_neanderthalensis;5.03;50.49;150000;110000;1
2210;Homo_neanderthalensis;84.68;51.4;162400;110600;1
2211;Homo_neanderthalensis;0.47;45.67;141000;111000;1
2228;Homo_neanderthalensis;-7.69;39.64;156000;114000;2
2231;Homo_neanderthalensis;1.88;50.13;131400;114200;1
2233;Homo_neanderthalensis;84.68;51.4;140200;115000;1
2234;Homo_neanderthalensis;22.7;43.65;197000;115000;2
2236;Homo_neanderthalensis;11.9;51.32;126000;116000;1
2237;Homo_sapiens;109.14;31.33;163000;116000;3
2239;Homo_neanderthalensis;4.47;50.98;139700;116900;2
2240;Homo_neanderthalensis;84.68;51.4;139400;117800;1
2246;Homo_neanderthalensis;1.96;41.27;137300;119100;1
2247;Homo_neanderthalensis;1.96;41.27;139100;119700;1
2248;Homo_neanderthalensis;34.88;31.93;178000;119900;2
2250;Homo_neanderthalensis;15.86;46.17;140000;120000;1
2252;Homo_neanderthalensis;91.65;55.22;130000;120000;1
2257;Homo_neanderthalensis;1.2;48.94;138000;122000;1
2258;Homo_neanderthalensis;1.2;44.8;140000;122000;1
2259;Homo_sapiens;109.53;29.48;132000;122000;1
2261;Homo_neanderthalensis;43.35;42.34;153000;123000;2
2265;Homo_neanderthalensis;7.78;47.93;198000;125000;2
2267;Homo_neanderthalensis;19.72;49.1;161000;126000;1
2271;Homo_neanderthalensis;35.27;32.73;144000;128000;1
2272;Homo_neanderthalensis;11.55;45.42;232000;128000;4
2273;Homo_sapiens;109.53;29.48;144000;128000;1
2274;Homo_neanderthalensis;16.93;40.88;187000;128200;2
2275;Homo_neanderthalensis;6.03;43.7;203000;129000;1
2276;Homo_neanderthalensis;-0.25;39.06;175000;129000;1
2278;Homo_sapiens;34.97;32.67;133000;129000;1
2281;Homo_neanderthalensis;23.02;48.25;170000;130000;1
2282;Homo_neanderthalensis;84.68;51.4;150300;130700;1
2287;Homo_neanderthalensis;23.54;46.21;214000;132000;2
2288;Homo_neanderthalensis;-4.43;41.63;154336;132592;1
2289;Homo_neanderthalensis;1.66;44.48;171000;133000;2
2290;Homo_neanderthalensis;11.55;45.42;241000;133000;6
2292;Homo_heidelbergensis;116;39.7;294000;133500;2
2295;Homo_neanderthalensis;16.09;46.31;228900;134200;3
2296;Homo_neanderthalensis;84.68;51.4;168500;134300;1
2297;Homo_neanderthalensis;1.36;48.18;159000;135000;1
2298;Homo_neanderthalensis;20.81;39.2;197000;135000;2
2301;Homo_neanderthalensis;4.55;44.32;154400;136000;1
2302;Homo_neanderthalensis;-4.5;36.63;165800;136600;2
2306;Homo_neanderthalensis;16.41;49.05;165200;137600;1
2316;Homo_neanderthalensis;2.26;49.91;257000;143000;1
2317;Homo_neanderthalensis;4.76;44.73;324000;143000;7
2318;Homo_neanderthalensis;19.72;49.1;174900;143100;1
2320;Homo_neanderthalensis;0.71;52.05;233000;144000;2
2321;Homo_neanderthalensis;-8.56;39.23;217000;144000;3
2322;Homo_neanderthalensis;25.53;49.56;192000;144000;1
2323;Homo_neanderthalensis;0.58;44.87;168100;144700;1
2337;Homo_neanderthalensis;5.35;44.08;206000;152000;3
2338;Homo_neanderthalensis;16.09;46.31;158400;154200;1
2339;Homo_neanderthalensis;0.47;45.67;279000;155000;3
2342;Homo_neanderthalensis;-2.53;43.08;173000;155000;1
2343;Homo_neanderthalensis;7.42;50.38;197000;155000;2
2344;Homo_neanderthalensis;1.68;44.06;186000;156000;5
2346;Homo_neanderthalensis;-0.23;43.78;340000;156000;3
2349;Homo_neanderthalensis;11.07;48.82;183000;157000;2
2352;Homo_neanderthalensis;-2.53;48.6;174000;158000;1
2353;Homo_neanderthalensis;34.88;31.93;182000;158000;1
2354;Homo_neanderthalensis;25.53;49.56;258000;158000;3
2356;Homo_neanderthalensis;19.83;50.43;230000;160000;1
2359;Homo_neanderthalensis;22.36;36.66;227000;161000;2
2364;Homo_neanderthalensis;0.5;44.87;211000;162000;5
2366;Homo_neanderthalensis;2.43;48.8;209000;163000;1
2367;Homo_neanderthalensis;4.76;44.73;341000;164000;7
2370;Homo_neanderthalensis;16.09;46.31;198200;165600;1
2374;Homo_neanderthalensis;2.17;49.42;189000;167000;1
2382;Homo_neanderthalensis;84.68;51.4;201200;172400;1
2383;Homo_neanderthalensis;-0.52;38.99;227000;174000;2
2388;Homo_neanderthalensis;7.63;48.58;213400;174600;1
2389;Homo_neanderthalensis;-0.25;39.06;281000;175000;1
2391;Homo_neanderthalensis;34.97;32.67;249000;175000;2
2394;Homo_sapiens;34.97;32.74;194000;177000;1
2395;Homo_heidelbergensis;44.52;24.35;236000;177000;2
2398;Homo_neanderthalensis;6.03;43.7;219000;179000;1
2401;Homo_heidelbergensis;0.23;51.48;603000;181000;1
2403;Homo_neanderthalensis;35.27;32.73;214000;182000;1
2406;Homo_neanderthalensis;23.02;48.25;255000;185000;1
2407;Homo_neanderthalensis;-2.53;43.08;265000;185000;1
2410;Homo_neanderthalensis;-2.55;48.6;199000;187000;1
2411;Homo_neanderthalensis;1.2;44.8;279000;189000;1
2413;Homo_neanderthalensis;-0.25;39.06;268000;191000;2
2416;Homo_neanderthalensis;46.99;39.62;217000;193000;1
2420;Homo_heidelbergensis;-3.46;40.33;374000;194000;5
2424;Homo_sapiens;41.06;28.01;227000;195000;1
2428;Homo_heidelbergensis;2.35;49.87;266000;196000;1
2429;Homo_heidelbergensis;43.35;42.34;285000;197000;3
2435;Homo_neanderthalensis;30.57;37.08;250000;200000;1
2436;Homo_heidelbergensis;35.01;-3.53;400000;200000;1
2437;Homo_heidelbergensis;17.96;-33.02;300000;200000;1
2438;Homo_heidelbergensis;-9.17;38.78;325000;200000;1
2441;Homo_heidelbergensis;122.61;40.57;257000;201000;1
2443;Homo_neanderthalensis;2.99;50.03;242000;202000;1
2444;Homo_neanderthalensis;-2.53;43.08;266000;202000;1
2445;Homo_neanderthalensis;1.1;49.39;252000;202000;2
2446;Homo_neanderthalensis;2.75;42.16;228018;202166;1
2447;Homo_neanderthalensis;0.55;44.86;243000;203000;1
2448;Homo_neanderthalensis;-2.02;49.19;273000;203000;1
2449;Homo_neanderthalensis;1.2;44.8;207000;203000;1
2451;Homo_heidelbergensis;38.82;35.15;477000;203000;2
2455;Homo_heidelbergensis;113.58;28.25;240000;206000;1
2456;Homo_neanderthalensis;-0.26;49.23;225000;207000;1
2457;Homo_heidelbergensis;-3.2;42.21;254000;207000;2
2459;Homo_heidelbergensis;-4.42;37.41;251000;209000;1
2462;Homo_neanderthalensis;12.22;41.92;308100;211900;6
2463;Homo_heidelbergensis;81.45;22.4;259600;212400;1
2465;Homo_heidelbergensis;-3.52;42.35;260000;213000;2
2466;Homo_heidelbergensis;-3.46;40.33;424000;213000;4
2468;Homo_neanderthalensis;-0.52;38.97;256000;214000;1
2469;Homo_neanderthalensis;-3.48;51.23;234000;214000;1
2470;Homo_heidelbergensis;-4.42;37.41;250000;214000;1
2471;Homo_heidelbergensis;2.35;49.87;306000;215000;2
2474;Homo_neanderthalensis;2.95;50.3;254000;218000;1
2475;Homo_neanderthalensis;-3.52;42.35;270000;218000;1
2477;Homo_neanderthalensis;-0.52;38.97;303000;219000;1
2479;Homo_neanderthalensis;12.53;41.93;245000;220000;1
2481;Homo_heidelbergensis;43.48;42.24;270000;220000;1
2482;Homo_heidelbergensis;18.22;47.37;270000;220000;1
2483;Homo_heidelbergensis;39.89;28.35;266000;220000;1
2486;Homo_heidelbergensis;-4.42;37.41;265000;223000;1
2487;Homo_heidelbergensis;-3.52;42.35;280000;224000;2
2488;Homo_heidelbergensis;-3.2;42.21;280000;224000;2
2491;Homo_neanderthalensis;34.98;32.11;323000;226000;4
2498;Homo_neanderthalensis;34.97;32.74;285000;229000;1
2499;Homo_heidelbergensis;-1.8;51.05;267000;229000;1
2505;Homo_neanderthalensis;34.98;32.11;320000;234000;2
2506;Homo_neanderthalensis;34.98;32.11;427000;234000;4
2508;Homo_heidelbergensis;-1.8;51.05;275000;235000;1
2509;Homo_neanderthalensis;17.98;50.03;270000;236000;1
2512;Homo_neanderthalensis;34.98;32.11;277000;237000;1
2513;Homo_neanderthalensis;11.34;50.95;249000;237000;1
2520;Homo_heidelbergensis;44.52;24.35;327000;240000;2
2522;Homo_heidelbergensis;-1.11;40.37;360000;242000;3
2523;Homo_heidelbergensis;2.35;49.87;366000;243000;4
2525;Homo_heidelbergensis;40.52;10.29;276000;244000;1
2526;Homo_heidelbergensis;109.73;34.86;338000;244090;3
2527;Homo_heidelbergensis;1.2;44.8;283000;245000;1
2530;Homo_neanderthalensis;-0.52;38.97;299000;247000;1
2532;Homo_heidelbergensis;1.36;48.18;299000;247000;1
2537;Homo_heidelbergensis;9.28;48.96;300000;250000;1
2540;Homo_neanderthalensis;1.14;44.96;379000;253000;1
2541;Homo_heidelbergensis;1.09;36.49;410000;253000;2
2543;Homo_heidelbergensis;115.92;39.68;316000;254000;4
2546;Homo_heidelbergensis;-8.42;42.08;280000;256000;1
2548;Homo_heidelbergensis;-1.01;52.74;424000;258000;2
2550;Homo_heidelbergensis;-7.7;39.64;294000;260000;1
2552;Homo_heidelbergensis;44.32;4.45;326290;261106;5
2554;Homo_heidelbergensis;-0.75;50.87;510000;265000;3
2555;Homo_heidelbergensis;117;30.11;345000;265600;3
2558;Homo_heidelbergensis;-2.5;41.17;421000;266000;2
2560;Homo_heidelbergensis;-3.52;42.35;366000;267000;4
2561;Homo_heidelbergensis;1.3;49.14;441000;267000;4
2562;Homo_heidelbergensis;2.99;50.03;309000;267000;1
2567;Homo_heidelbergensis;46.99;39.61;316000;270000;1
2569;Homo_heidelbergensis;1.2;44.8;338000;270000;1
2570;Homo_heidelbergensis;43.48;42.24;450000;270000;1
2572;Homo_heidelbergensis;-4.42;37.41;354000;272000;2
2573;Homo_heidelbergensis;28.42;-14.46;324000;274000;1
2576;Homo_neanderthalensis;1.14;44.96;323000;275000;1
2578;Homo_heidelbergensis;-3.59;40.02;309000;275000;1
2579;Homo_heidelbergensis;7.5;50.38;300000;275000;1
2580;Homo_heidelbergensis;-3.98;39.88;309000;275000;1
2583;Homo_heidelbergensis;12.3;41.93;329000;279000;2
2584;Homo_heidelbergensis;43.48;42.24;420000;280000;1
2587;Homo_neanderthalensis;12.52;41.93;287000;283000;1
2593;Homo_neanderthalensis;0.46;45.08;381000;289000;2
2595;Homo_heidelbergensis;-8.44;39.44;314000;290000;1
2596;Homo_heidelbergensis;0.23;51.48;345000;293000;1
2597;Homo_heidelbergensis;39.89;28.35;327000;293000;1
2607;Homo_heidelbergensis;1.3;49.14;490000;298000;1
2610;Homo_heidelbergensis;35;-3;500000;300000;1
2611;Homo_heidelbergensis;34.81;31.77;500000;300000;1
2612;Homo_heidelbergensis;-3.11;37.39;480000;300000;1
2613;Homo_heidelbergensis;7.23;43.71;460000;300000;1
2614;Homo_heidelbergensis;6.28;49.87;330000;300000;1
2615;Homo_heidelbergensis;1.73;52.45;686000;301000;3
2620;Homo_heidelbergensis;10.95;52.13;337000;305000;1
2622;Homo_heidelbergensis;39.89;28.35;353000;307000;1
2623;Homo_heidelbergensis;0.75;52.38;476000;310000;1
2624;Homo_heidelbergensis;13.64;45.77;402000;310000;1
2625;Homo_heidelbergensis;-4.47;47.98;486000;310000;2
2627;Homo_heidelbergensis;1.14;44.96;369000;313000;1
2631;Homo_heidelbergensis;1.2;44.8;370000;316000;1
2634;Homo_heidelbergensis;-4.42;37.41;379000;321000;1
2636;Homo_heidelbergensis;-4.47;47.98;441000;322000;3
2639;Homo_neanderthalensis;1.63;44.62;335000;325000;1
2640;Homo_heidelbergensis;38.81;35.15;550000;325000;1
2643;Homo_heidelbergensis;12.22;41.92;432000;328000;3
2645;Homo_heidelbergensis;-3.85;36.76;462000;330000;1
2646;Homo_heidelbergensis;2.29;49.89;476000;330000;1
2649;Homo_heidelbergensis;0.63;52.32;442000;334000;2
2652;Homo_heidelbergensis;-3.45;40.3;424700;334700;1
2653;Homo_heidelbergensis;-1.01;52.74;774000;335000;2
2655;Homo_heidelbergensis;0.41;46.76;482000;338000;1
2656;Homo_heidelbergensis;1.16;47.88;458000;338000;1
2657;Homo_heidelbergensis;2.75;42.82;580000;339000;8
2659;Homo_heidelbergensis;3.32;48.26;370000;342000;1
2660;Homo_heidelbergensis;0.41;46.76;503000;343000;1
2661;Homo_heidelbergensis;1.36;48.18;405000;343000;1
2665;Homo_heidelbergensis;14.02;41.33;352000;346000;1
2667;Homo_heidelbergensis;13.51;41.55;357000;349000;1
2669;Homo_heidelbergensis;9.21;48.8;400000;350000;1
2670;Homo_heidelbergensis;11.07;51.28;420000;350000;1
2673;Homo_heidelbergensis;28.08;44.37;424000;352000;2
2674;Homo_heidelbergensis;12.3;41.93;365000;353000;1
2675;Homo_heidelbergensis;41.72;43.88;375000;353000;1
2680;Homo_heidelbergensis;1.24;52.94;672000;360000;2
2682;Homo_heidelbergensis;2.75;42.82;638000;362000;3
2683;Homo_heidelbergensis;1.19;52.34;446000;362000;1
2684;Homo_heidelbergensis;1.36;48.18;432000;362000;1
2685;Homo_heidelbergensis;13.57;41.56;384000;364000;1
2686;Homo_heidelbergensis;34.98;32.11;459000;365000;2
2688;Homo_heidelbergensis;41.72;43.88;385000;367000;1
2693;Homo_heidelbergensis;0.67;52.38;424000;374000;1
2694;Homo_heidelbergensis;-8.61;33.51;427000;376000;2
2695;Homo_heidelbergensis;2.35;49.87;516000;380000;1
2696;Homo_heidelbergensis;13.58;41.52;397000;381000;1
2697;Homo_heidelbergensis;34.65;17.89;400000;382000;1
2701;Homo_heidelbergensis;13.43;41.55;407000;387000;1
2702;Homo_erectus;118.33;31.75;437000;387000;1
2703;Homo_erectus;115.92;39.69;412000;388000;1
2705;Homo_heidelbergensis;-6.8;34;455000;389000;1
2706;Homo_heidelbergensis;2.35;49.87;496000;390000;1
2709;Homo_heidelbergensis;2.83;48.39;512000;392000;1
2710;Homo_heidelbergensis;0.75;52.38;503000;393000;1
2712;Homo_heidelbergensis;0.3;51.45;425000;395000;1
2714;Homo_heidelbergensis;13.58;41.52;414000;396000;1
2715;Homo_heidelbergensis;22.08;43.33;525000;397000;1
2716;Homo_heidelbergensis;13.14;41.74;418000;398000;1
2717;Homo_heidelbergensis;-3.3;42.21;470000;398000;1
2718;Homo_heidelbergensis;2.35;49.87;723000;399000;2
2719;Homo_heidelbergensis;2.26;49.9;723000;399000;3
2720;Homo_heidelbergensis;28.85;-24.2;600000;400000;1
2721;Homo_heidelbergensis;34.78;32.01;500000;400000;1
2722;Homo_heidelbergensis;-4.47;47.98;530000;400000;1
2723;Homo_heidelbergensis;12.43;41.9;411000;401000;1
2724;Homo_heidelbergensis;23.01;-27.65;682000;402000;2
2725;Homo_heidelbergensis;1.1;47.84;566000;405000;2
2726;Homo_heidelbergensis;12.3;41.93;416000;406000;1
2727;Homo_heidelbergensis;-7.75;33.5;595000;407000;1
2728;Homo_heidelbergensis;41.72;43.88;428000;408000;1
2730;Homo_heidelbergensis;12.28;41.9;414000;410000;1
2731;Homo_heidelbergensis;1.84;50.1;540000;414000;2
2735;Homo_heidelbergensis;0.41;46.76;521000;425000;1
2736;Homo_erectus;111.36;-7.37;550000;425000;2
2737;Homo_heidelbergensis;1.84;50.1;996000;426000;1
2739;Homo_heidelbergensis;1.84;50.1;716000;430000;2
2741;Homo_heidelbergensis;2.28;49.89;730000;432000;5
2742;Homo_heidelbergensis;1.09;36.49;549000;435000;1
2743;Homo_heidelbergensis;13.64;45.77;480000;440000;1
2745;Homo_heidelbergensis;7.41;50.4;460000;444000;1
2746;Homo_heidelbergensis;7.29;50.52;457000;445000;1
2748;Homo_heidelbergensis;13.14;41.74;470000;446000;1
2749;Homo_heidelbergensis;7.5;50.38;448000;446000;1
2750;Homo_erectus;115.92;39.69;570000;446000;2
2751;Homo_heidelbergensis;11.18;48.78;500000;450000;1
2756;Homo_erectus;111.12;32.67;570000;466000;1
2757;Homo_heidelbergensis;43.48;42.03;692000;468000;1
2759;Homo_heidelbergensis;1.67;47.27;800000;470000;2
2761;Homo_heidelbergensis;-1.01;52.74;656000;474000;2
2762;Homo_heidelbergensis;0.54;52.41;584000;474000;1
2763;Homo_erectus;115.92;39.69;688000;480000;1
2764;Homo_erectus;102.55;36.44;720000;480000;1
2766;Homo_heidelbergensis;1.84;50.1;666000;486000;2
2768;Homo_heidelbergensis;0.56;52.34;597000;491000;1
2769;Homo_heidelbergensis;22.13;37.4;514800;491200;1
2770;Homo_erectus;110.53;32.99;525000;493000;1
2771;Homo_heidelbergensis;36.45;-1.58;501000;497000;1
2773;Homo_heidelbergensis;36;0.62;518000;500000;1
2774;Homo_heidelbergensis;4.11;44.97;700000;500000;1
2775;Homo_heidelbergensis;0.56;52.34;577000;501000;1
2777;Homo_heidelbergensis;12.33;41.88;517000;515000;1
2780;Homo_heidelbergensis;1.68;47.27;730000;520000;2
2781;Homo_heidelbergensis;1.73;52.45;668000;522000;1
2783;Homo_heidelbergensis;1.84;50.1;695000;533000;2
2784;Homo_erectus;119.03;32.06;621000;533000;1
2785;Homo_heidelbergensis;36;0.62;547000;539000;1
2788;Homo_heidelbergensis;1.3;49.14;763000;553000;1
2789;Homo_heidelbergensis;41.72;43.88;608000;558000;1
2790;Homo_heidelbergensis;2.15;47.15;780000;560000;6
2791;Homo_erectus;118.09;36.12;720000;560000;1
2793;Homo_heidelbergensis;8.8;49.35;649000;569000;1
2794;Homo_heidelbergensis;0.54;52.41;687000;575000;1
2795;Homo_erectus;106.95;33.09;681200;580500;2
2797;Homo_heidelbergensis;14.23;41.6;587000;585000;1
2798;Homo_erectus;109.4;34.24;715000;585000;1
2799;Homo_erectus;111.12;32.67;716000;586000;1
2803;Homo_heidelbergensis;18.15;-33.05;1000000;600000;1
2804;Homo_heidelbergensis;36.45;-1.58;615000;603000;1
2805;Homo_heidelbergensis;1.84;50.1;910000;604000;1
2806;Homo_heidelbergensis;36.45;-1.58;634300;609500;2
2807;Homo_heidelbergensis;40.5;10.6;670000;610000;1
2809;Homo_heidelbergensis;15.82;40.96;618000;610000;1
2810;Homo_heidelbergensis;1.86;50.11;726000;618000;1
2813;Homo_heidelbergensis;15.82;40.96;688000;626000;1
2814;Homo_heidelbergensis;0.23;51.48;772000;626000;1
2815;Homo_heidelbergensis;0.33;35.41;770000;630000;1
2817;Homo_erectus;35.62;33.01;673000;643000;1
2819;Homo_heidelbergensis;15.82;40.96;656000;648000;1
2821;Homo_erectus;74.47;15.38;776000;652000;1
2822;Homo_heidelbergensis;15.82;40.96;663000;657000;1
2824;Homo_heidelbergensis;15.82;40.96;666000;660000;1
2825;Homo_heidelbergensis;36.45;-1.58;679000;663000;1
2826;Homo_heidelbergensis;15.82;40.96;674000;666000;1
2828;Homo_heidelbergensis;15.82;40.96;696100;682400;2
2830;Homo_heidelbergensis;15.82;40.96;703400;689000;2
2832;Homo_erectus;115.92;39.69;850000;690000;1
2833;Homo_heidelbergensis;37.38;8.41;885000;696000;2
2834;Homo_erectus;35.62;33.01;790000;700000;1
2835;Homo_ergaster;39.21;7.5;1450000;700000;1
2836;Homo_erectus;74.61;27.53;876700;717300;1
2837;Homo_erectus;74.94;19.56;880000;720000;1
2838;Homo_erectus;74.19;18.17;860300;758300;1
2839;Homo_erectus;110.05;34.07;792500;762500;1
2840;Homo_erectus;11.95;44.2;935000;765000;1
2841;Homo_erectus;2.01;41.55;945000;771000;1
2842;Homo_erectus;110.85;-7.45;778000;774000;1
2845;Homo_erectus;35.1;32.99;1000000;780000;1
2846;Homo_erectus;23.13;48.15;986000;780000;1
2847;Homo_ergaster;-7.69;33.54;1197000;781000;1
2848;Homo_erectus;110.63;31.85;800000;785000;1
2849;Homo_ergaster;23.33;-27.5;1170000;790000;1
2850;Homo_erectus;106.68;23.96;806000;800000;1
2851;Homo_erectus;106.63;23.82;806000;800000;1
2852;Homo_erectus;107.2;23.57;806000;800000;1
2853;Homo_erectus;106.96;33.07;900000;800000;1
2854;Homo_ergaster;37.29;5.15;930000;810000;1
2855;Homo_ergaster;36.3;8.42;1125000;849000;2
2856;Homo_erectus;34.71;31.5;990000;850000;1
2857;Homo_erectus;32.39;37.97;900000;850000;1
2858;Homo_erectus;4.77;45.31;1024000;854000;1
2860;Homo_ergaster;27.78;-25.92;1048000;868000;1
2861;Homo_erectus;119.68;30.92;940000;886000;1
2862;Homo_erectus;111.22;34.78;920000;890000;1
2863;Homo_ergaster;40.33;14;1091200;892800;1
2864;Homo_erectus;114.67;40.22;1100000;900000;1
2865;Homo_ergaster;40.52;11.1;1400000;900000;1
2866;Homo_ergaster;36.45;-1.58;960000;900000;1
2867;Homo_erectus;1.16;41.13;1068000;932000;1
2869;Homo_ergaster;36.45;-1.58;1031000;953000;1
2870;Homo_erectus;4.77;45.31;1256000;976000;1
2871;Homo_erectus;7.47;43.76;1280000;980000;2
2872;Homo_ergaster;23.33;-27.5;1360000;980000;1
2873;Homo_erectus;0.82;45.52;1110000;1000000;1
2874;Homo_ergaster;27.73;-26.01;1260000;1000000;1
2875;Homo_erectus;35.56;32.68;1530000;1010000;3
2876;Homo_ergaster;40.01;10.09;1051000;1033000;1
2877;Homo_erectus;114.4;40.22;1110000;1047000;2
2879;Homo_ergaster;27.78;-25.92;1650000;1070000;1
2880;Homo_erectus;114.67;40.22;1320000;1080000;1
2883;Homo_erectus;3.42;43.49;1300000;1100000;1
2884;Homo_erectus;76.49;16.48;1440000;1100000;1
2885;Homo_erectus;29.33;37.86;1300000;1100000;1
2886;Homo_ergaster;24.74;-28.32;1520000;1100000;1
2888;Homo_erectus;7.47;43.76;1310000;1130000;1
2889;Homo_erectus;-2.4;37.73;1610000;1130000;1
2890;Homo_erectus;110.7;34.7;1600000;1143000;2
2891;Homo_erectus;114.67;40.22;1430000;1170000;1
2892;Homo_erectus;114.66;40.22;1452000;1188000;1
2893;Homo_erectus;35.56;32.68;1215000;1190000;1
2894;Homo_erectus;-2.5;37.7;1810000;1190000;1
2895;Homo_erectus;106.96;33.07;1220000;1190000;1
2896;Homo_erectus;114.67;40.22;1300000;1200000;1
2898;Homo_ergaster;37.29;5.15;1260000;1220000;1
2899;Homo_erectus;114.66;40.21;1496000;1224000;1
2900;Homo_erectus;110.85;-7.45;1453000;1237000;1
2901;Homo_erectus;112.1;-7.5;1580000;1280000;1
2902;Homo_erectus;-2.25;37.45;1630000;1290000;1
2903;Homo_erectus;15.23;41.48;1600000;1300000;1
2904;Homo_erectus;114.66;40.21;1480000;1360000;1
2905;Homo_erectus;112.1;-7.5;1620000;1360000;1
2906;Homo_ergaster;37.29;5.15;1440000;1380000;1
2907;Homo_ergaster;36.4;4.17;1470000;1390000;1
2908;Homo_ergaster;35;4.02;1450000;1390000;2
2909;Homo_erectus;114.66;40.22;1705000;1395000;1
2910;Homo_erectus;22.7;43.65;1600000;1400000;1
2911;Homo_ergaster;36.3;8.42;1918000;1400000;2
2912;Homo_erectus;44.52;40.96;1460000;1404000;1
2913;Homo_ergaster;35.9;4.13;1500000;1410000;2
2915;Homo_ergaster;24.31;-28.32;1590000;1430000;1
2916;Homo_ergaster;37.29;5.15;1470000;1430000;1
2917;Homo_erectus;79.88;13.23;1580000;1440000;1
2919;Homo_ergaster;36.227;4.311;1540000;1460000;1
2920;Homo_ergaster;36.4;4.17;1793000;1467000;1
2921;Homo_erectus;114.66;40.22;1804000;1476000;1
2922;Homo_erectus;114.66;40.22;1826000;1494000;1
2923;Homo_erectus;114.66;40.22;1600000;1500000;1
2924;Homo_ergaster;36.4;4.17;1640000;1500000;3
2926;Homo_ergaster;36.27;4.31;1540000;1520000;1
2928;Homo_erectus;3.42;43.49;1580000;1560000;1
2930;Homo_erectus;35.56;32.68;1575000;1567000;1
2931;Homo_ergaster;24.73;-28.32;1890000;1570000;1
2932;Homo_ergaster;35.71;4.03;1936000;1584000;1
2934;Homo_erectus;109.48;34.18;1940000;1610000;2
2935;Homo_ergaster;37.29;5.15;1650000;1610000;1
2936;Homo_ergaster;40.52;11.1;1655000;1627000;1
2937;Homo_habilis;35.34;-3;1707000;1647000;1
2938;Homo_ergaster;36.19;3.4;2113100;1677690;3
2939;Homo_habilis;36.19;3.4;2055130;1681470;1
2940;Homo_ergaster;35.35;-2.98;1713000;1683000;1
2941;Homo_erectus;101.92;25.67;1750000;1690000;1
2943;Homo_erectus;38.8;35.19;1900000;1700000;1
2944;Homo_habilis;36.05;4.05;1800000;1700000;1
2945;Homo_ergaster;37.29;5.15;1770000;1710000;1
2948;Homo_erectus;44.2;41.33;1850000;1780000;1
2949;Homo_ergaster;35.7;4.03;1800000;1780000;1
2950;Homo_habilis;36.36;4.07;1870000;1780000;1
2951;Homo_habilis;40.52;11.1;2550000;1800000;3
2952;Homo_habilis;36;5.1;2000000;1800000;1
2953;Homo_ergaster;27.76;-25.97;2281000;1801000;1
2954;Homo_habilis;36.23;4.09;2115000;1815000;3
2955;Homo_habilis;35.24;-2.95;1856000;1840000;1
2956;Homo_habilis;35.18;-2.98;1890000;1845000;2
2957;Homo_habilis;36.31;4.46;1980000;1848000;2
2958;Homo_ergaster;36.05;4.15;1890000;1850000;1
2961;Homo_habilis;36.41;4.18;1950000;1900000;1
2963;Homo_habilis;34.53;-0.34;2300000;1920000;1
2964;Homo sapiens;35.81;-4.49;30320;29820;1
2965;Homo sapiens;31.37;26.78;35550;28050;8
2966;Homo sapiens;34.047;-0.448;37840;30140;2
2967;Homo sapiens;35.81;-4.49;31020;30580;1
2968;Homo sapiens;27.466;-29.216;31110;30530;2
2969;Homo sapiens;35.81;-4.49;31630;30630;2
2970;Homo sapiens;35.3;-7.4;50100;31630;4
2971;Homo sapiens;22.05;32.9;52100;28400;3
2972;Homo sapiens;-6.93;33.93;44660;27350;2
2973;Homo sapiens;22.158;-33.37;35250;31700;7
2974;Homo sapiens;-12.207;13.997;36000;30000;1
2975;Homo sapiens;35.81;-4.49;42200;33040;3
2976;Homo sapiens;35.81;-4.49;34660;34100;1
2977;Homo sapiens;31.988;-27.024;40250;34120;4
2978;Homo sapiens;31.988;-27.024;40200;33870;5
2979;Homo sapiens;26.852;-31.57;37250;32800;2
2980;Homo sapiens;41.83;9.54;37300;35250;2
2981;Homo sapiens;34.166;-0.4;43100;35040;2
2982;Homo sapiens;36.15;-0.83;41500;35250;2
2983;Homo sapiens;25.58;-31.34;39500;32900;1
2984;Homo sapiens;31.988;-27.024;37900;35500;1
2985;Homo sapiens;31.988;-27.024;40420;36900;5
2986;Homo sapiens;31.988;-27.024;41200;36400;6
2987;Homo sapiens;17.08;-27.42;45600;38110;2
2988;Homo sapiens;31.085;-29.522;40500;36700;1
2989;Homo sapiens;-6.925;33.952;52000;36000;3
2990;Homo sapiens;35.81;-4.49;41600;39600;1
2991;Homo sapiens;-0.35;10.64;52220;29340;1
2992;Homo sapiens;-5.94;35.71;45000;37000;1
2993;Homo sapiens;35.81;-4.49;42300;40300;1
2994;Homo sapiens;36.15;-0.83;42100;40700;1
2995;Homo sapiens;31.988;-27.024;49660;40570;4
2996;Homo sapiens;27.466;-29.216;44300;41500;1
2997;Homo sapiens;-5.56;35.45;46000;40000;1
2998;Homo sapiens;24.39;-34.108;61000;40400;3
2999;Homo sapiens;-16.862;14.27;50200;40990;2
3000;Homo sapiens;22.158;-33.37;48000;40000;1
3001;Homo sapiens;-6.925;33.952;54000;43000;2
3002;Homo sapiens;34.157;-0.844;97300;42000;5
3003;Homo sapiens;22.05;32.9;77900;41700;6
3004;Homo sapiens;24.39;-34.108;70900;43400;5
3005;Homo sapiens;31.988;-27.024;55960;45340;4
3006;Homo sapiens;-5.94;35.71;52000;42000;1
3007;Homo sapiens;31.085;-29.522;49100;46300;1
3008;Homo sapiens;31.988;-27.024;51170;46710;2
3009;Homo sapiens;22.08;-34.2;55000;49000;2
3010;Homo sapiens;18.452;-32.386;57000;47000;1
3011;Homo sapiens;19.35;-34.566;58700;49900;1
3012;Homo sapiens;31.988;-27.024;62610;52350;2
3013;Homo sapiens;22.158;-33.37;73000;50000;4
3014;Homo sapiens;24.39;-34.108;71300;51700;2
3015;Homo sapiens;-1.873;34.557;60400;53400;1
3016;Homo sapiens;17.08;-27.42;60500;54300;2
3017;Homo sapiens;19.35;-34.566;62500;53500;1
3018;Homo sapiens;31.085;-29.522;59900;57100;1
3019;Homo sapiens;20.72;-34.108;64000;54800;1
3020;Homo sapiens;32.836;26.103;66400;53200;1
3021;Homo sapiens;31.988;-27.024;63000;57000;1
3022;Homo sapiens;10.528;24.859;71000;51000;1
3023;Homo sapiens;31.085;-29.522;67000;59700;3
3024;Homo sapiens;-16.862;14.27;64500;59300;1
3025;Homo sapiens;22.08;-34.2;75000;59000;6
3026;Homo sapiens;-6.925;33.952;66000;58000;1
3027;Homo sapiens;19.35;-34.566;67900;57300;1
3028;Homo sapiens;27.77;-25.97;64200;61600;1
3029;Homo sapiens;17.08;-27.42;65500;60900;1
3030;Homo sapiens;31.988;-27.024;76000;61000;3
3031;Homo sapiens;-5.94;35.71;70000;58000;1
3032;Homo sapiens;18.452;-32.386;95000;57000;5
3033;Homo sapiens;34.802;-2.588;69400;60600;1
3034;Homo sapiens;-6.95;33.916;116300;56100;4
3035;Homo sapiens;20.72;-34.108;70300;60700;1
3036;Homo sapiens;19.35;-34.566;72300;60500;1
3037;Homo sapiens;17.08;-27.42;69500;64300;1
3038;Homo sapiens;19.35;-34.566;74700;59900;1
3039;Homo sapiens;18.452;-32.386;75000;61000;1
3040;Homo sapiens;24.39;-34.108;113000;61900;6
3041;Homo sapiens;31.085;-29.522;72900;68100;1
3042;Homo sapiens;17.08;-27.42;73300;68100;1
3043;Homo sapiens;24.39;-34.108;84400;68700;2
3044;Homo sapiens;31.085;-29.522;80000;70000;3
3045;Homo sapiens;-6.95;33.916;77500;69100;1
3046;Homo sapiens;31.988;-27.024;79000;75000;1
3047;Homo sapiens;21.222;-34.414;93500;70900;3
3048;Homo sapiens;-5.43;35.9;86900;71900;1
3049;Homo sapiens;22.08;-34.2;102000;77000;3
3050;Homo sapiens;-3.092;34.784;88900;77700;1
3051;Homo sapiens;21.222;-34.414;99700;79600;2
3052;Homo sapiens;-1.873;34.557;89900;80900;1
3053;Homo sapiens;-1.873;34.557;91300;81500;1
3054;Homo sapiens;33.97;26.2408333;96300;77500;1
3055;Homo sapiens;27.77;-25.97;88600;85400;1
3056;Homo sapiens;33.97;26.2408333;97100;77900;1
3057;Homo sapiens;33.97;26.2408333;97300;79700;1
3058;Homo sapiens;22.089;-34.207;94000;86000;1
3059;Homo sapiens;22.089;-34.207;103000;86000;2
3060;Homo sapiens;40.31;10.25;109000;77000;2
3061;Homo sapiens;40.31;10.25;107000;77000;2
3062;Homo sapiens;-6.925;33.952;103000;81000;1
3063;Homo sapiens;22.089;-34.207;97000;91000;1
3064;Homo sapiens;-6.96;33.92;110900;92000;2
3065;Homo sapiens;18.452;-32.386;118000;90000;2
3066;Homo sapiens;18.452;-32.386;110000;90000;1
3067;Homo sapiens;18.452;-32.386;119000;95000;2
3068;Homo sapiens;-6.95;33.916;114900;101700;1
3069;Homo sapiens;-1.873;34.557;118400;98600;1
3070;Homo sapiens;24.39;-34.108;112000;105200;1
3071;Homo sapiens;-6.95;33.916;111400;106400;1
3072;Homo sapiens;18.452;-32.386;119000;99000;1
3073;Homo sapiens;22.089;-34.207;114000;106000;1
3074;Homo sapiens;31.988;-27.024;123000;107000;2
3075;Homo sapiens;-6.96;33.92;118700;111900;1
3076;Homo sapiens;27.9;-33.02;124000;112000;1
3077;Homo sapiens;33.97;26.2408333;126000;110000;1
3078;Homo sapiens;33.97;26.2408333;129500;107500;1
3079;Homo sapiens;-6.95;33.916;140200;114100;2
3080;Homo sapiens;33.97;26.2408333;136000;106400;1
3081;Homo sapiens;-6.96;33.92;126800;117800;1
3082;Homo sapiens;-1.873;34.557;131300;113700;1
3083;Homo sapiens;22.089;-34.207;129000;119000;1
3084;Homo sapiens;30.834;25.24;128800;120800;1
3085;Homo sapiens;35.3525;-2.996111;133000;125000;1
3086;Homo sapiens;-3.092;34.784;137800;122200;1
3087;Homo sapiens;33.93;13.15;135000;131000;1
3088;Homo sapiens;-1.873;34.557;145600;125000;1
3089;Homo sapiens;31.988;-27.024;173000;133000;3
3090;Homo sapiens;40.52;10.29;162000;147000;2
3091;Homo sapiens;22.089;-34.207;167000;147000;1
3092;Homo sapiens;22.089;-34.207;167000;151000;1
3093;Homo sapiens;22.089;-34.207;168000;156000;1
3094;Homo sapiens;-5.43;35.9;179000;157000;1
3095;Homo sapiens;-5.43;35.9;183000;163000;1
3096;Homo sapiens;30.32;20.7;202000;162000;1
3097;Homo sapiens;31.988;-27.024;238000;163000;2
3098;Homo sapiens;38.49;7.98;193000;173000;1
3099;Homo sapiens;35.55;5.24;200000;190000;1
3100;Homo sapiens;35.54;5.24;200000;190000;1
3101;Homo sapiens;36;0.62;241000;233000;1
3102;Homo sapiens;-5.43;35.9;271000;237000;1
3103;Homo sapiens;26.06;-28.76;294000;224000;1
3104;Homo sapiens;38.59;7.98;281000;269000;1
3105;Homo sapiens;36;0.62;296000;272000;1
3106;Homo sapiens;-8.87;31.88;349000;254000;2
3108;Homo sapiens;23.01;-27.65;336000;246000;1
3107;Homo sapiens;112.36;48.27;30730;30030;1
3108;Homo sapiens;40.93;28.00;84300;65100;2
3109;Homo sapiens;40.93;28.00;140000;120000;1
